Date,Count
1999-07-01,0.0
1999-07-02,0.0
1999-07-03,0.0
1999-07-04,0.0
1999-07-05,0.0
1999-07-06,0.0
1999-07-07,0.0
1999-07-08,0.0
1999-07-09,0.0
1999-07-10,0.0
1999-07-11,0.0
1999-07-12,1.0
1999-07-13,0.0
1999-07-14,0.0
1999-07-15,0.0
1999-07-16,0.0
1999-07-17,0.0
1999-07-18,0.0
1999-07-19,0.0
1999-07-20,0.0
1999-07-21,0.0
1999-07-22,0.0
1999-07-23,0.0
1999-07-24,0.0
1999-07-25,0.0
1999-07-26,0.0
1999-07-27,0.0
1999-07-28,0.0
1999-07-29,0.0
1999-07-30,0.0
1999-07-31,0.0
1999-08-01,0.0
1999-08-02,0.0
1999-08-03,0.0
1999-08-04,0.0
1999-08-05,0.0
1999-08-06,0.0
1999-08-07,0.0
1999-08-08,0.0
1999-08-09,0.0
1999-08-10,0.0
1999-08-11,0.0
1999-08-12,0.0
1999-08-13,0.0
1999-08-14,0.0
1999-08-15,0.0
1999-08-16,0.0
1999-08-17,0.0
1999-08-18,0.0
1999-08-19,0.0
1999-08-20,0.0
1999-08-21,0.0
1999-08-22,0.0
1999-08-23,0.0
1999-08-24,0.0
1999-08-25,0.0
1999-08-26,0.0
1999-08-27,0.0
1999-08-28,0.0
1999-08-29,0.0
1999-08-30,0.0
1999-08-31,0.0
1999-09-01,0.0
1999-09-02,0.0
1999-09-03,0.0
1999-09-04,0.0
1999-09-05,0.0
1999-09-06,0.0
1999-09-07,0.0
1999-09-08,0.0
1999-09-09,0.0
1999-09-10,0.0
1999-09-11,0.0
1999-09-12,0.0
1999-09-13,0.0
1999-09-14,0.0
1999-09-15,0.0
1999-09-16,0.0
1999-09-17,0.0
1999-09-18,0.0
1999-09-19,0.0
1999-09-20,0.0
1999-09-21,0.0
1999-09-22,0.0
1999-09-23,0.0
1999-09-24,0.0
1999-09-25,0.0
1999-09-26,0.0
1999-09-27,0.0
1999-09-28,0.0
1999-09-29,0.0
1999-09-30,0.0
1999-10-01,0.0
1999-10-02,0.0
1999-10-03,0.0
1999-10-04,0.0
1999-10-05,0.0
1999-10-06,0.0
1999-10-07,0.0
1999-10-08,0.0
1999-10-09,0.0
1999-10-10,0.0
1999-10-11,0.0
1999-10-12,0.0
1999-10-13,0.0
1999-10-14,0.0
1999-10-15,0.0
1999-10-16,0.0
1999-10-17,0.0
1999-10-18,0.0
1999-10-19,0.0
1999-10-20,0.0
1999-10-21,0.0
1999-10-22,0.0
1999-10-23,0.0
1999-10-24,0.0
1999-10-25,0.0
1999-10-26,0.0
1999-10-27,0.0
1999-10-28,0.0
1999-10-29,0.0
1999-10-30,0.0
1999-10-31,0.0
1999-11-01,0.0
1999-11-02,0.0
1999-11-03,0.0
1999-11-04,0.0
1999-11-05,0.0
1999-11-06,0.0
1999-11-07,0.0
1999-11-08,0.0
1999-11-09,0.0
1999-11-10,0.0
1999-11-11,0.0
1999-11-12,0.0
1999-11-13,0.0
1999-11-14,0.0
1999-11-15,0.0
1999-11-16,0.0
1999-11-17,0.0
1999-11-18,0.0
1999-11-19,0.0
1999-11-20,0.0
1999-11-21,0.0
1999-11-22,0.0
1999-11-23,0.0
1999-11-24,0.0
1999-11-25,0.0
1999-11-26,0.0
1999-11-27,0.0
1999-11-28,0.0
1999-11-29,0.0
1999-11-30,0.0
1999-12-01,0.0
1999-12-02,0.0
1999-12-03,0.0
1999-12-04,0.0
1999-12-05,0.0
1999-12-06,0.0
1999-12-07,0.0
1999-12-08,0.0
1999-12-09,0.0
1999-12-10,0.0
1999-12-11,0.0
1999-12-12,0.0
1999-12-13,0.0
1999-12-14,0.0
1999-12-15,0.0
1999-12-16,0.0
1999-12-17,1.0
1999-12-18,0.0
1999-12-19,0.0
1999-12-20,0.0
1999-12-21,0.0
1999-12-22,0.0
1999-12-23,0.0
1999-12-24,1.0
1999-12-25,0.0
1999-12-26,0.0
1999-12-27,2.0
1999-12-28,1.0
1999-12-29,0.0
1999-12-30,0.0
1999-12-31,0.0
2000-01-01,0.0
2000-01-02,2.0
2000-01-03,0.0
2000-01-04,0.0
2000-01-05,0.0
2000-01-06,1.0
2000-01-07,2.0
2000-01-08,2.0
2000-01-09,2.0
2000-01-10,0.0
2000-01-11,1.0
2000-01-12,2.0
2000-01-13,0.0
2000-01-14,1.0
2000-01-15,2.0
2000-01-16,0.0
2000-01-17,0.0
2000-01-18,2.0
2000-01-19,0.0
2000-01-20,0.0
2000-01-21,1.0
2000-01-22,2.0
2000-01-23,0.0
2000-01-24,3.0
2000-01-25,1.0
2000-01-26,0.0
2000-01-27,2.0
2000-01-28,1.0
2000-01-29,0.0
2000-01-30,0.0
2000-01-31,0.0
2000-02-01,1.0
2000-02-02,0.0
2000-02-03,0.0
2000-02-04,0.0
2000-02-05,0.0
2000-02-06,2.0
2000-02-07,0.0
2000-02-08,1.0
2000-02-09,0.0
2000-02-10,1.0
2000-02-11,1.0
2000-02-12,1.0
2000-02-13,0.0
2000-02-14,1.0
2000-02-15,0.0
2000-02-16,0.0
2000-02-17,0.0
2000-02-18,2.0
2000-02-19,0.0
2000-02-20,1.0
2000-02-21,0.0
2000-02-22,0.0
2000-02-23,0.0
2000-02-24,0.0
2000-02-25,0.0
2000-02-26,0.0
2000-02-27,0.0
2000-02-28,1.0
2000-02-29,0.0
2000-03-01,0.0
2000-03-02,1.0
2000-03-03,0.0
2000-03-04,0.0
2000-03-05,0.0
2000-03-06,1.0
2000-03-07,0.0
2000-03-08,1.0
2000-03-09,1.0
2000-03-10,1.0
2000-03-11,0.0
2000-03-12,1.0
2000-03-13,1.0
2000-03-14,1.0
2000-03-15,1.0
2000-03-16,0.0
2000-03-17,0.0
2000-03-18,0.0
2000-03-19,1.0
2000-03-20,0.0
2000-03-21,0.0
2000-03-22,0.0
2000-03-23,0.0
2000-03-24,0.0
2000-03-25,0.0
2000-03-26,0.0
2000-03-27,0.0
2000-03-28,0.0
2000-03-29,0.0
2000-03-30,1.0
2000-03-31,1.0
2000-04-01,0.0
2000-04-02,3.0
2000-04-03,0.0
2000-04-04,2.0
2000-04-05,1.0
2000-04-06,2.0
2000-04-07,2.0
2000-04-08,2.0
2000-04-09,1.0
2000-04-10,1.0
2000-04-11,2.0
2000-04-12,1.0
2000-04-13,1.0
2000-04-14,0.0
2000-04-15,0.0
2000-04-16,1.0
2000-04-17,1.0
2000-04-18,1.0
2000-04-19,2.0
2000-04-20,0.0
2000-04-21,1.0
2000-04-22,0.0
2000-04-23,1.0
2000-04-24,1.0
2000-04-25,1.0
2000-04-26,0.0
2000-04-27,0.0
2000-04-28,0.0
2000-04-29,1.0
2000-04-30,0.0
2000-05-01,0.0
2000-05-02,0.0
2000-05-03,0.0
2000-05-04,0.0
2000-05-05,1.0
2000-05-06,1.0
2000-05-07,4.0
2000-05-08,0.0
2000-05-09,0.0
2000-05-10,0.0
2000-05-11,0.0
2000-05-12,1.0
2000-05-13,0.0
2000-05-14,1.0
2000-05-15,1.0
2000-05-16,1.0
2000-05-17,0.0
2000-05-18,1.0
2000-05-19,1.0
2000-05-20,1.0
2000-05-21,1.0
2000-05-22,0.0
2000-05-23,0.0
2000-05-24,0.0
2000-05-25,1.0
2000-05-26,1.0
2000-05-27,0.0
2000-05-28,0.0
2000-05-29,1.0
2000-05-30,0.0
2000-05-31,0.0
2000-06-01,1.0
2000-06-02,0.0
2000-06-03,1.0
2000-06-04,1.0
2000-06-05,1.0
2000-06-06,1.0
2000-06-07,0.0
2000-06-08,0.0
2000-06-09,2.0
2000-06-10,0.0
2000-06-11,0.0
2000-06-12,1.0
2000-06-13,3.0
2000-06-14,0.0
2000-06-15,0.0
2000-06-16,1.0
2000-06-17,0.0
2000-06-18,3.0
2000-06-19,0.0
2000-06-20,0.0
2000-06-21,1.0
2000-06-22,0.0
2000-06-23,1.0
2000-06-24,1.0
2000-06-25,2.0
2000-06-26,0.0
2000-06-27,0.0
2000-06-28,1.0
2000-06-29,0.0
2000-06-30,2.0
2000-07-01,2.0
2000-07-02,2.0
2000-07-03,1.0
2000-07-04,0.0
2000-07-05,0.0
2000-07-06,0.0
2000-07-07,1.0
2000-07-08,1.0
2000-07-09,0.0
2000-07-10,1.0
2000-07-11,0.0
2000-07-12,2.0
2000-07-13,0.0
2000-07-14,0.0
2000-07-15,0.0
2000-07-16,0.0
2000-07-17,0.0
2000-07-18,1.0
2000-07-19,1.0
2000-07-20,2.0
2000-07-21,0.0
2000-07-22,0.0
2000-07-23,1.0
2000-07-24,1.0
2000-07-25,0.0
2000-07-26,0.0
2000-07-27,1.0
2000-07-28,1.0
2000-07-29,0.0
2000-07-30,2.0
2000-07-31,1.0
2000-08-01,0.0
2000-08-02,0.0
2000-08-03,0.0
2000-08-04,1.0
2000-08-05,3.0
2000-08-06,0.0
2000-08-07,0.0
2000-08-08,1.0
2000-08-09,0.0
2000-08-10,0.0
2000-08-11,1.0
2000-08-12,3.0
2000-08-13,0.0
2000-08-14,0.0
2000-08-15,1.0
2000-08-16,1.0
2000-08-17,0.0
2000-08-18,1.0
2000-08-19,0.0
2000-08-20,0.0
2000-08-21,1.0
2000-08-22,1.0
2000-08-23,1.0
2000-08-24,1.0
2000-08-25,2.0
2000-08-26,0.0
2000-08-27,2.0
2000-08-28,0.0
2000-08-29,0.0
2000-08-30,0.0
2000-08-31,0.0
2000-09-01,0.0
2000-09-02,0.0
2000-09-03,0.0
2000-09-04,1.0
2000-09-05,0.0
2000-09-06,1.0
2000-09-07,1.0
2000-09-08,1.0
2000-09-09,1.0
2000-09-10,2.0
2000-09-11,1.0
2000-09-12,3.0
2000-09-13,1.0
2000-09-14,1.0
2000-09-15,1.0
2000-09-16,2.0
2000-09-17,1.0
2000-09-18,1.0
2000-09-19,2.0
2000-09-20,0.0
2000-09-21,1.0
2000-09-22,0.0
2000-09-23,1.0
2000-09-24,1.0
2000-09-25,0.0
2000-09-26,0.0
2000-09-27,1.0
2000-09-28,1.0
2000-09-29,1.0
2000-09-30,1.0
2000-10-01,2.0
2000-10-02,0.0
2000-10-03,1.0
2000-10-04,0.0
2000-10-05,0.0
2000-10-06,0.0
2000-10-07,1.0
2000-10-08,1.0
2000-10-09,1.0
2000-10-10,0.0
2000-10-11,2.0
2000-10-12,1.0
2000-10-13,0.0
2000-10-14,0.0
2000-10-15,0.0
2000-10-16,0.0
2000-10-17,0.0
2000-10-18,0.0
2000-10-19,0.0
2000-10-20,1.0
2000-10-21,0.0
2000-10-22,0.0
2000-10-23,1.0
2000-10-24,0.0
2000-10-25,0.0
2000-10-26,0.0
2000-10-27,0.0
2000-10-28,4.0
2000-10-29,0.0
2000-10-30,0.0
2000-10-31,0.0
2000-11-01,0.0
2000-11-02,1.0
2000-11-03,0.0
2000-11-04,0.0
2000-11-05,1.0
2000-11-06,0.0
2000-11-07,1.0
2000-11-08,1.0
2000-11-09,1.0
2000-11-10,2.0
2000-11-11,3.0
2000-11-12,0.0
2000-11-13,3.0
2000-11-14,0.0
2000-11-15,0.0
2000-11-16,1.0
2000-11-17,1.0
2000-11-18,1.0
2000-11-19,0.0
2000-11-20,1.0
2000-11-21,0.0
2000-11-22,1.0
2000-11-23,0.0
2000-11-24,1.0
2000-11-25,1.0
2000-11-26,1.0
2000-11-27,0.0
2000-11-28,1.0
2000-11-29,0.0
2000-11-30,0.0
2000-12-01,2.0
2000-12-02,0.0
2000-12-03,0.0
2000-12-04,0.0
2000-12-05,1.0
2000-12-06,2.0
2000-12-07,1.0
2000-12-08,4.0
2000-12-09,2.0
2000-12-10,2.0
2000-12-11,1.0
2000-12-12,0.0
2000-12-13,1.0
2000-12-14,2.0
2000-12-15,2.0
2000-12-16,1.0
2000-12-17,3.0
2000-12-18,3.0
2000-12-19,0.0
2000-12-20,4.0
2000-12-21,0.0
2000-12-22,0.0
2000-12-23,1.0
2000-12-24,2.0
2000-12-25,0.0
2000-12-26,1.0
2000-12-27,0.0
2000-12-28,0.0
2000-12-29,1.0
2000-12-30,1.0
2000-12-31,0.0
2001-01-01,0.0
2001-01-02,1.0
2001-01-03,0.0
2001-01-04,5.0
2001-01-05,3.0
2001-01-06,3.0
2001-01-07,2.0
2001-01-08,3.0
2001-01-09,10.0
2001-01-10,1.0
2001-01-11,1.0
2001-01-12,3.0
2001-01-13,0.0
2001-01-14,2.0
2001-01-15,1.0
2001-01-16,0.0
2001-01-17,0.0
2001-01-18,3.0
2001-01-19,0.0
2001-01-20,2.0
2001-01-21,0.0
2001-01-22,1.0
2001-01-23,1.0
2001-01-24,1.0
2001-01-25,0.0
2001-01-26,0.0
2001-01-27,1.0
2001-01-28,0.0
2001-01-29,1.0
2001-01-30,3.0
2001-01-31,0.0
2001-02-01,0.0
2001-02-02,4.0
2001-02-03,7.0
2001-02-04,4.0
2001-02-05,4.0
2001-02-06,2.0
2001-02-07,6.0
2001-02-08,4.0
2001-02-09,6.0
2001-02-10,2.0
2001-02-11,1.0
2001-02-12,4.0
2001-02-13,1.0
2001-02-14,1.0
2001-02-15,6.0
2001-02-16,0.0
2001-02-17,4.0
2001-02-18,4.0
2001-02-19,4.0
2001-02-20,1.0
2001-02-21,0.0
2001-02-22,5.0
2001-02-23,2.0
2001-02-24,4.0
2001-02-25,1.0
2001-02-26,4.0
2001-02-27,1.0
2001-02-28,2.0
2001-03-01,2.0
2001-03-02,2.0
2001-03-03,0.0
2001-03-04,1.0
2001-03-05,6.0
2001-03-06,4.0
2001-03-07,5.0
2001-03-08,4.0
2001-03-09,5.0
2001-03-10,3.0
2001-03-11,1.0
2001-03-12,2.0
2001-03-13,5.0
2001-03-14,4.0
2001-03-15,0.0
2001-03-16,5.0
2001-03-17,1.0
2001-03-18,0.0
2001-03-19,3.0
2001-03-20,2.0
2001-03-21,1.0
2001-03-22,1.0
2001-03-23,2.0
2001-03-24,3.0
2001-03-25,1.0
2001-03-26,1.0
2001-03-27,5.0
2001-03-28,1.0
2001-03-29,3.0
2001-03-30,3.0
2001-03-31,0.0
2001-04-01,1.0
2001-04-02,0.0
2001-04-03,6.0
2001-04-04,4.0
2001-04-05,1.0
2001-04-06,4.0
2001-04-07,1.0
2001-04-08,5.0
2001-04-09,3.0
2001-04-10,4.0
2001-04-11,3.0
2001-04-12,0.0
2001-04-13,2.0
2001-04-14,2.0
2001-04-15,0.0
2001-04-16,3.0
2001-04-17,3.0
2001-04-18,5.0
2001-04-19,3.0
2001-04-20,2.0
2001-04-21,1.0
2001-04-22,1.0
2001-04-23,4.0
2001-04-24,1.0
2001-04-25,2.0
2001-04-26,4.0
2001-04-27,4.0
2001-04-28,3.0
2001-04-29,2.0
2001-04-30,1.0
2001-05-01,2.0
2001-05-02,2.0
2001-05-03,3.0
2001-05-04,2.0
2001-05-05,10.0
2001-05-06,1.0
2001-05-07,4.0
2001-05-08,5.0
2001-05-09,3.0
2001-05-10,1.0
2001-05-11,1.0
2001-05-12,2.0
2001-05-13,1.0
2001-05-14,3.0
2001-05-15,5.0
2001-05-16,0.0
2001-05-17,4.0
2001-05-18,3.0
2001-05-19,3.0
2001-05-20,4.0
2001-05-21,2.0
2001-05-22,3.0
2001-05-23,1.0
2001-05-24,1.0
2001-05-25,1.0
2001-05-26,3.0
2001-05-27,2.0
2001-05-28,1.0
2001-05-29,2.0
2001-05-30,1.0
2001-05-31,2.0
2001-06-01,1.0
2001-06-02,0.0
2001-06-03,1.0
2001-06-04,0.0
2001-06-05,2.0
2001-06-06,4.0
2001-06-07,1.0
2001-06-08,5.0
2001-06-09,1.0
2001-06-10,2.0
2001-06-11,0.0
2001-06-12,6.0
2001-06-13,2.0
2001-06-14,8.0
2001-06-15,6.0
2001-06-16,4.0
2001-06-17,7.0
2001-06-18,4.0
2001-06-19,3.0
2001-06-20,2.0
2001-06-21,3.0
2001-06-22,11.0
2001-06-23,4.0
2001-06-24,11.0
2001-06-25,6.0
2001-06-26,5.0
2001-06-27,4.0
2001-06-28,3.0
2001-06-29,1.0
2001-06-30,7.0
2001-07-01,0.0
2001-07-02,0.0
2001-07-03,3.0
2001-07-04,3.0
2001-07-05,1.0
2001-07-06,2.0
2001-07-07,7.0
2001-07-08,5.0
2001-07-09,4.0
2001-07-10,1.0
2001-07-11,5.0
2001-07-12,2.0
2001-07-13,6.0
2001-07-14,2.0
2001-07-15,11.0
2001-07-16,4.0
2001-07-17,3.0
2001-07-18,4.0
2001-07-19,6.0
2001-07-20,6.0
2001-07-21,6.0
2001-07-22,2.0
2001-07-23,5.0
2001-07-24,4.0
2001-07-25,3.0
2001-07-26,4.0
2001-07-27,7.0
2001-07-28,2.0
2001-07-29,2.0
2001-07-30,7.0
2001-07-31,3.0
2001-08-01,2.0
2001-08-02,3.0
2001-08-03,2.0
2001-08-04,0.0
2001-08-05,2.0
2001-08-06,1.0
2001-08-07,7.0
2001-08-08,2.0
2001-08-09,5.0
2001-08-10,1.0
2001-08-11,1.0
2001-08-12,2.0
2001-08-13,4.0
2001-08-14,1.0
2001-08-15,6.0
2001-08-16,4.0
2001-08-17,5.0
2001-08-18,4.0
2001-08-19,4.0
2001-08-20,8.0
2001-08-21,4.0
2001-08-22,6.0
2001-08-23,6.0
2001-08-24,6.0
2001-08-25,2.0
2001-08-26,2.0
2001-08-27,6.0
2001-08-28,5.0
2001-08-29,6.0
2001-08-30,1.0
2001-08-31,4.0
2001-09-01,3.0
2001-09-02,1.0
2001-09-03,5.0
2001-09-04,2.0
2001-09-05,7.0
2001-09-06,5.0
2001-09-07,2.0
2001-09-08,5.0
2001-09-09,3.0
2001-09-10,3.0
2001-09-11,2.0
2001-09-12,2.0
2001-09-13,1.0
2001-09-14,4.0
2001-09-15,2.0
2001-09-16,7.0
2001-09-17,7.0
2001-09-18,1.0
2001-09-19,2.0
2001-09-20,4.0
2001-09-21,1.0
2001-09-22,4.0
2001-09-23,2.0
2001-09-24,3.0
2001-09-25,5.0
2001-09-26,2.0
2001-09-27,5.0
2001-09-28,5.0
2001-09-29,3.0
2001-09-30,1.0
2001-10-01,1.0
2001-10-02,1.0
2001-10-03,4.0
2001-10-04,0.0
2001-10-05,6.0
2001-10-06,3.0
2001-10-07,5.0
2001-10-08,7.0
2001-10-09,4.0
2001-10-10,3.0
2001-10-11,1.0
2001-10-12,2.0
2001-10-13,1.0
2001-10-14,4.0
2001-10-15,1.0
2001-10-16,1.0
2001-10-17,3.0
2001-10-18,0.0
2001-10-19,2.0
2001-10-20,3.0
2001-10-21,1.0
2001-10-22,2.0
2001-10-23,0.0
2001-10-24,2.0
2001-10-25,4.0
2001-10-26,1.0
2001-10-27,1.0
2001-10-28,3.0
2001-10-29,2.0
2001-10-30,1.0
2001-10-31,3.0
2001-11-01,1.0
2001-11-02,0.0
2001-11-03,2.0
2001-11-04,1.0
2001-11-05,0.0
2001-11-06,3.0
2001-11-07,4.0
2001-11-08,4.0
2001-11-09,2.0
2001-11-10,1.0
2001-11-11,2.0
2001-11-12,0.0
2001-11-13,2.0
2001-11-14,2.0
2001-11-15,5.0
2001-11-16,1.0
2001-11-17,3.0
2001-11-18,2.0
2001-11-19,2.0
2001-11-20,3.0
2001-11-21,4.0
2001-11-22,1.0
2001-11-23,4.0
2001-11-24,2.0
2001-11-25,4.0
2001-11-26,1.0
2001-11-27,3.0
2001-11-28,2.0
2001-11-29,2.0
2001-11-30,2.0
2001-12-01,2.0
2001-12-02,2.0
2001-12-03,2.0
2001-12-04,3.0
2001-12-05,1.0
2001-12-06,5.0
2001-12-07,3.0
2001-12-08,6.0
2001-12-09,6.0
2001-12-10,1.0
2001-12-11,3.0
2001-12-12,1.0
2001-12-13,0.0
2001-12-14,3.0
2001-12-15,0.0
2001-12-16,0.0
2001-12-17,1.0
2001-12-18,1.0
2001-12-19,1.0
2001-12-20,2.0
2001-12-21,3.0
2001-12-22,2.0
2001-12-23,2.0
2001-12-24,1.0
2001-12-25,3.0
2001-12-26,3.0
2001-12-27,0.0
2001-12-28,1.0
2001-12-29,1.0
2001-12-30,1.0
2001-12-31,2.0
2002-01-01,1.0
2002-01-02,1.0
2002-01-03,1.0
2002-01-04,4.0
2002-01-05,4.0
2002-01-06,2.0
2002-01-07,14.0
2002-01-08,10.0
2002-01-09,12.0
2002-01-10,9.0
2002-01-11,2.0
2002-01-12,6.0
2002-01-13,2.0
2002-01-14,1.0
2002-01-15,1.0
2002-01-16,1.0
2002-01-17,4.0
2002-01-18,1.0
2002-01-19,2.0
2002-01-20,1.0
2002-01-21,1.0
2002-01-22,1.0
2002-01-23,1.0
2002-01-24,2.0
2002-01-25,0.0
2002-01-26,0.0
2002-01-27,2.0
2002-01-28,0.0
2002-01-29,0.0
2002-01-30,0.0
2002-01-31,1.0
2002-02-01,0.0
2002-02-02,0.0
2002-02-03,0.0
2002-02-04,2.0
2002-02-05,3.0
2002-02-06,5.0
2002-02-07,8.0
2002-02-08,9.0
2002-02-09,6.0
2002-02-10,13.0
2002-02-11,9.0
2002-02-12,5.0
2002-02-13,0.0
2002-02-14,1.0
2002-02-15,5.0
2002-02-16,2.0
2002-02-17,2.0
2002-02-18,0.0
2002-02-19,1.0
2002-02-20,0.0
2002-02-21,0.0
2002-02-22,3.0
2002-02-23,1.0
2002-02-24,0.0
2002-02-25,1.0
2002-02-26,0.0
2002-02-27,1.0
2002-02-28,2.0
2002-03-01,3.0
2002-03-02,0.0
2002-03-03,0.0
2002-03-04,5.0
2002-03-05,5.0
2002-03-06,1.0
2002-03-07,8.0
2002-03-08,6.0
2002-03-09,16.0
2002-03-10,7.0
2002-03-11,10.0
2002-03-12,4.0
2002-03-13,2.0
2002-03-14,3.0
2002-03-15,1.0
2002-03-16,2.0
2002-03-17,0.0
2002-03-18,0.0
2002-03-19,1.0
2002-03-20,4.0
2002-03-21,1.0
2002-03-22,0.0
2002-03-23,2.0
2002-03-24,0.0
2002-03-25,5.0
2002-03-26,5.0
2002-03-27,1.0
2002-03-28,3.0
2002-03-29,2.0
2002-03-30,1.0
2002-03-31,0.0
2002-04-01,1.0
2002-04-02,0.0
2002-04-03,3.0
2002-04-04,5.0
2002-04-05,5.0
2002-04-06,2.0
2002-04-07,7.0
2002-04-08,8.0
2002-04-09,7.0
2002-04-10,4.0
2002-04-11,3.0
2002-04-12,6.0
2002-04-13,1.0
2002-04-14,6.0
2002-04-15,3.0
2002-04-16,4.0
2002-04-17,2.0
2002-04-18,1.0
2002-04-19,2.0
2002-04-20,3.0
2002-04-21,2.0
2002-04-22,3.0
2002-04-23,3.0
2002-04-24,4.0
2002-04-25,3.0
2002-04-26,2.0
2002-04-27,1.0
2002-04-28,3.0
2002-04-29,2.0
2002-04-30,2.0
2002-05-01,2.0
2002-05-02,1.0
2002-05-03,0.0
2002-05-04,4.0
2002-05-05,9.0
2002-05-06,5.0
2002-05-07,10.0
2002-05-08,8.0
2002-05-09,10.0
2002-05-10,6.0
2002-05-11,16.0
2002-05-12,8.0
2002-05-13,0.0
2002-05-14,4.0
2002-05-15,3.0
2002-05-16,6.0
2002-05-17,5.0
2002-05-18,2.0
2002-05-19,2.0
2002-05-20,8.0
2002-05-21,5.0
2002-05-22,3.0
2002-05-23,8.0
2002-05-24,2.0
2002-05-25,5.0
2002-05-26,1.0
2002-05-27,8.0
2002-05-28,5.0
2002-05-29,3.0
2002-05-30,3.0
2002-05-31,2.0
2002-06-01,1.0
2002-06-02,2.0
2002-06-03,0.0
2002-06-04,1.0
2002-06-05,2.0
2002-06-06,2.0
2002-06-07,11.0
2002-06-08,8.0
2002-06-09,13.0
2002-06-10,11.0
2002-06-11,8.0
2002-06-12,3.0
2002-06-13,5.0
2002-06-14,5.0
2002-06-15,1.0
2002-06-16,4.0
2002-06-17,6.0
2002-06-18,3.0
2002-06-19,6.0
2002-06-20,7.0
2002-06-21,5.0
2002-06-22,5.0
2002-06-23,4.0
2002-06-24,5.0
2002-06-25,1.0
2002-06-26,4.0
2002-06-27,3.0
2002-06-28,3.0
2002-06-29,3.0
2002-06-30,15.0
2002-07-01,0.0
2002-07-02,1.0
2002-07-03,0.0
2002-07-04,5.0
2002-07-05,4.0
2002-07-06,5.0
2002-07-07,6.0
2002-07-08,5.0
2002-07-09,7.0
2002-07-10,10.0
2002-07-11,5.0
2002-07-12,3.0
2002-07-13,10.0
2002-07-14,4.0
2002-07-15,6.0
2002-07-16,4.0
2002-07-17,12.0
2002-07-18,8.0
2002-07-19,10.0
2002-07-20,12.0
2002-07-21,6.0
2002-07-22,4.0
2002-07-23,6.0
2002-07-24,3.0
2002-07-25,15.0
2002-07-26,9.0
2002-07-27,8.0
2002-07-28,6.0
2002-07-29,5.0
2002-07-30,3.0
2002-07-31,7.0
2002-08-01,1.0
2002-08-02,1.0
2002-08-03,1.0
2002-08-04,0.0
2002-08-05,5.0
2002-08-06,3.0
2002-08-07,6.0
2002-08-08,8.0
2002-08-09,8.0
2002-08-10,10.0
2002-08-11,6.0
2002-08-12,7.0
2002-08-13,7.0
2002-08-14,11.0
2002-08-15,10.0
2002-08-16,12.0
2002-08-17,7.0
2002-08-18,5.0
2002-08-19,11.0
2002-08-20,10.0
2002-08-21,10.0
2002-08-22,13.0
2002-08-23,13.0
2002-08-24,9.0
2002-08-25,10.0
2002-08-26,7.0
2002-08-27,8.0
2002-08-28,6.0
2002-08-29,5.0
2002-08-30,8.0
2002-08-31,16.0
2002-09-01,0.0
2002-09-02,3.0
2002-09-03,2.0
2002-09-04,2.0
2002-09-05,4.0
2002-09-06,1.0
2002-09-07,7.0
2002-09-08,4.0
2002-09-09,4.0
2002-09-10,7.0
2002-09-11,2.0
2002-09-12,6.0
2002-09-13,2.0
2002-09-14,7.0
2002-09-15,8.0
2002-09-16,5.0
2002-09-17,8.0
2002-09-18,8.0
2002-09-19,9.0
2002-09-20,17.0
2002-09-21,5.0
2002-09-22,7.0
2002-09-23,5.0
2002-09-24,14.0
2002-09-25,10.0
2002-09-26,10.0
2002-09-27,4.0
2002-09-28,0.0
2002-09-29,10.0
2002-09-30,9.0
2002-10-01,1.0
2002-10-02,0.0
2002-10-03,1.0
2002-10-04,2.0
2002-10-05,3.0
2002-10-06,4.0
2002-10-07,10.0
2002-10-08,10.0
2002-10-09,13.0
2002-10-10,5.0
2002-10-11,4.0
2002-10-12,8.0
2002-10-13,3.0
2002-10-14,5.0
2002-10-15,8.0
2002-10-16,6.0
2002-10-17,3.0
2002-10-18,12.0
2002-10-19,7.0
2002-10-20,6.0
2002-10-21,6.0
2002-10-22,7.0
2002-10-23,10.0
2002-10-24,5.0
2002-10-25,9.0
2002-10-26,3.0
2002-10-27,8.0
2002-10-28,1.0
2002-10-29,9.0
2002-10-30,12.0
2002-10-31,11.0
2002-11-01,2.0
2002-11-02,0.0
2002-11-03,2.0
2002-11-04,2.0
2002-11-05,4.0
2002-11-06,4.0
2002-11-07,4.0
2002-11-08,9.0
2002-11-09,8.0
2002-11-10,3.0
2002-11-11,9.0
2002-11-12,7.0
2002-11-13,4.0
2002-11-14,2.0
2002-11-15,10.0
2002-11-16,7.0
2002-11-17,0.0
2002-11-18,2.0
2002-11-19,3.0
2002-11-20,5.0
2002-11-21,4.0
2002-11-22,2.0
2002-11-23,9.0
2002-11-24,5.0
2002-11-25,3.0
2002-11-26,4.0
2002-11-27,6.0
2002-11-28,11.0
2002-11-29,6.0
2002-11-30,3.0
2002-12-01,2.0
2002-12-02,2.0
2002-12-03,0.0
2002-12-04,0.0
2002-12-05,3.0
2002-12-06,6.0
2002-12-07,8.0
2002-12-08,9.0
2002-12-09,8.0
2002-12-10,7.0
2002-12-11,8.0
2002-12-12,4.0
2002-12-13,13.0
2002-12-14,7.0
2002-12-15,4.0
2002-12-16,9.0
2002-12-17,9.0
2002-12-18,6.0
2002-12-19,10.0
2002-12-20,3.0
2002-12-21,5.0
2002-12-22,5.0
2002-12-23,13.0
2002-12-24,3.0
2002-12-25,4.0
2002-12-26,7.0
2002-12-27,2.0
2002-12-28,6.0
2002-12-29,9.0
2002-12-30,4.0
2002-12-31,6.0
2003-01-01,6.0
2003-01-02,8.0
2003-01-03,7.0
2003-01-04,3.0
2003-01-05,14.0
2003-01-06,11.0
2003-01-07,8.0
2003-01-08,10.0
2003-01-09,6.0
2003-01-10,3.0
2003-01-11,3.0
2003-01-12,5.0
2003-01-13,4.0
2003-01-14,8.0
2003-01-15,5.0
2003-01-16,4.0
2003-01-17,12.0
2003-01-18,7.0
2003-01-19,1.0
2003-01-20,2.0
2003-01-21,5.0
2003-01-22,5.0
2003-01-23,3.0
2003-01-24,1.0
2003-01-25,1.0
2003-01-26,2.0
2003-01-27,9.0
2003-01-28,5.0
2003-01-29,4.0
2003-01-30,6.0
2003-01-31,1.0
2003-02-01,4.0
2003-02-02,6.0
2003-02-03,5.0
2003-02-04,12.0
2003-02-05,9.0
2003-02-06,17.0
2003-02-07,3.0
2003-02-08,5.0
2003-02-09,4.0
2003-02-10,2.0
2003-02-11,6.0
2003-02-12,4.0
2003-02-13,3.0
2003-02-14,5.0
2003-02-15,6.0
2003-02-16,8.0
2003-02-17,3.0
2003-02-18,7.0
2003-02-19,8.0
2003-02-20,5.0
2003-02-21,7.0
2003-02-22,2.0
2003-02-23,5.0
2003-02-24,7.0
2003-02-25,5.0
2003-02-26,5.0
2003-02-27,11.0
2003-02-28,2.0
2003-03-01,7.0
2003-03-02,2.0
2003-03-03,5.0
2003-03-04,6.0
2003-03-05,10.0
2003-03-06,17.0
2003-03-07,7.0
2003-03-08,2.0
2003-03-09,10.0
2003-03-10,9.0
2003-03-11,7.0
2003-03-12,6.0
2003-03-13,5.0
2003-03-14,5.0
2003-03-15,6.0
2003-03-16,2.0
2003-03-17,6.0
2003-03-18,4.0
2003-03-19,5.0
2003-03-20,6.0
2003-03-21,8.0
2003-03-22,4.0
2003-03-23,4.0
2003-03-24,9.0
2003-03-25,10.0
2003-03-26,4.0
2003-03-27,6.0
2003-03-28,9.0
2003-03-29,5.0
2003-03-30,3.0
2003-03-31,4.0
2003-04-01,6.0
2003-04-02,17.0
2003-04-03,5.0
2003-04-04,3.0
2003-04-05,5.0
2003-04-06,15.0
2003-04-07,4.0
2003-04-08,2.0
2003-04-09,5.0
2003-04-10,4.0
2003-04-11,5.0
2003-04-12,5.0
2003-04-13,4.0
2003-04-14,0.0
2003-04-15,2.0
2003-04-16,3.0
2003-04-17,2.0
2003-04-18,3.0
2003-04-19,2.0
2003-04-20,7.0
2003-04-21,0.0
2003-04-22,1.0
2003-04-23,6.0
2003-04-24,4.0
2003-04-25,3.0
2003-04-26,4.0
2003-04-27,1.0
2003-04-28,0.0
2003-04-29,1.0
2003-04-30,5.0
2003-05-01,5.0
2003-05-02,1.0
2003-05-03,4.0
2003-05-04,6.0
2003-05-05,8.0
2003-05-06,13.0
2003-05-07,5.0
2003-05-08,3.0
2003-05-09,6.0
2003-05-10,0.0
2003-05-11,7.0
2003-05-12,6.0
2003-05-13,17.0
2003-05-14,10.0
2003-05-15,15.0
2003-05-16,6.0
2003-05-17,9.0
2003-05-18,12.0
2003-05-19,7.0
2003-05-20,6.0
2003-05-21,8.0
2003-05-22,9.0
2003-05-23,13.0
2003-05-24,5.0
2003-05-25,10.0
2003-05-26,18.0
2003-05-27,19.0
2003-05-28,8.0
2003-05-29,16.0
2003-05-30,18.0
2003-05-31,21.0
2003-06-01,3.0
2003-06-02,6.0
2003-06-03,6.0
2003-06-04,2.0
2003-06-05,6.0
2003-06-06,9.0
2003-06-07,3.0
2003-06-08,5.0
2003-06-09,4.0
2003-06-10,5.0
2003-06-11,7.0
2003-06-12,6.0
2003-06-13,10.0
2003-06-14,5.0
2003-06-15,8.0
2003-06-16,8.0
2003-06-17,9.0
2003-06-18,8.0
2003-06-19,11.0
2003-06-20,7.0
2003-06-21,13.0
2003-06-22,6.0
2003-06-23,7.0
2003-06-24,3.0
2003-06-25,10.0
2003-06-26,12.0
2003-06-27,10.0
2003-06-28,9.0
2003-06-29,4.0
2003-06-30,7.0
2003-07-01,4.0
2003-07-02,5.0
2003-07-03,6.0
2003-07-04,4.0
2003-07-05,6.0
2003-07-06,8.0
2003-07-07,6.0
2003-07-08,5.0
2003-07-09,6.0
2003-07-10,4.0
2003-07-11,8.0
2003-07-12,1.0
2003-07-13,5.0
2003-07-14,5.0
2003-07-15,2.0
2003-07-16,6.0
2003-07-17,5.0
2003-07-18,1.0
2003-07-19,9.0
2003-07-20,5.0
2003-07-21,2.0
2003-07-22,3.0
2003-07-23,5.0
2003-07-24,5.0
2003-07-25,5.0
2003-07-26,2.0
2003-07-27,6.0
2003-07-28,4.0
2003-07-29,11.0
2003-07-30,3.0
2003-07-31,5.0
2003-08-01,7.0
2003-08-02,5.0
2003-08-03,2.0
2003-08-04,4.0
2003-08-05,9.0
2003-08-06,11.0
2003-08-07,6.0
2003-08-08,6.0
2003-08-09,3.0
2003-08-10,7.0
2003-08-11,2.0
2003-08-12,7.0
2003-08-13,2.0
2003-08-14,3.0
2003-08-15,8.0
2003-08-16,4.0
2003-08-17,3.0
2003-08-18,8.0
2003-08-19,10.0
2003-08-20,8.0
2003-08-21,8.0
2003-08-22,5.0
2003-08-23,3.0
2003-08-24,1.0
2003-08-25,5.0
2003-08-26,2.0
2003-08-27,6.0
2003-08-28,3.0
2003-08-29,3.0
2003-08-30,3.0
2003-08-31,4.0
2003-09-01,6.0
2003-09-02,5.0
2003-09-03,1.0
2003-09-04,5.0
2003-09-05,8.0
2003-09-06,15.0
2003-09-07,1.0
2003-09-08,6.0
2003-09-09,5.0
2003-09-10,4.0
2003-09-11,3.0
2003-09-12,7.0
2003-09-13,4.0
2003-09-14,2.0
2003-09-15,5.0
2003-09-16,4.0
2003-09-17,5.0
2003-09-18,4.0
2003-09-19,5.0
2003-09-20,1.0
2003-09-21,2.0
2003-09-22,4.0
2003-09-23,6.0
2003-09-24,6.0
2003-09-25,2.0
2003-09-26,7.0
2003-09-27,0.0
2003-09-28,1.0
2003-09-29,6.0
2003-09-30,13.0
2003-10-01,14.0
2003-10-02,6.0
2003-10-03,6.0
2003-10-04,3.0
2003-10-05,11.0
2003-10-06,11.0
2003-10-07,5.0
2003-10-08,13.0
2003-10-09,2.0
2003-10-10,0.0
2003-10-11,6.0
2003-10-12,3.0
2003-10-13,5.0
2003-10-14,3.0
2003-10-15,11.0
2003-10-16,4.0
2003-10-17,6.0
2003-10-18,2.0
2003-10-19,3.0
2003-10-20,6.0
2003-10-21,10.0
2003-10-22,8.0
2003-10-23,5.0
2003-10-24,11.0
2003-10-25,8.0
2003-10-26,5.0
2003-10-27,2.0
2003-10-28,8.0
2003-10-29,6.0
2003-10-30,6.0
2003-10-31,6.0
2003-11-01,10.0
2003-11-02,6.0
2003-11-03,4.0
2003-11-04,2.0
2003-11-05,1.0
2003-11-06,5.0
2003-11-07,3.0
2003-11-08,4.0
2003-11-09,9.0
2003-11-10,2.0
2003-11-11,7.0
2003-11-12,6.0
2003-11-13,12.0
2003-11-14,5.0
2003-11-15,2.0
2003-11-16,6.0
2003-11-17,3.0
2003-11-18,1.0
2003-11-19,1.0
2003-11-20,4.0
2003-11-21,3.0
2003-11-22,6.0
2003-11-23,5.0
2003-11-24,4.0
2003-11-25,7.0
2003-11-26,5.0
2003-11-27,2.0
2003-11-28,8.0
2003-11-29,2.0
2003-11-30,2.0
2003-12-01,6.0
2003-12-02,7.0
2003-12-03,1.0
2003-12-04,5.0
2003-12-05,5.0
2003-12-06,9.0
2003-12-07,6.0
2003-12-08,7.0
2003-12-09,7.0
2003-12-10,4.0
2003-12-11,4.0
2003-12-12,3.0
2003-12-13,3.0
2003-12-14,4.0
2003-12-15,6.0
2003-12-16,2.0
2003-12-17,6.0
2003-12-18,4.0
2003-12-19,4.0
2003-12-20,3.0
2003-12-21,7.0
2003-12-22,3.0
2003-12-23,5.0
2003-12-24,4.0
2003-12-25,3.0
2003-12-26,3.0
2003-12-27,1.0
2003-12-28,3.0
2003-12-29,3.0
2003-12-30,9.0
2003-12-31,5.0
2004-01-01,4.0
2004-01-02,4.0
2004-01-03,5.0
2004-01-04,6.0
2004-01-05,9.0
2004-01-06,11.0
2004-01-07,17.0
2004-01-08,10.0
2004-01-09,40.0
2004-01-10,25.0
2004-01-11,14.0
2004-01-12,33.0
2004-01-13,3.0
2004-01-14,2.0
2004-01-15,3.0
2004-01-16,1.0
2004-01-17,2.0
2004-01-18,4.0
2004-01-19,3.0
2004-01-20,4.0
2004-01-21,5.0
2004-01-22,7.0
2004-01-23,6.0
2004-01-24,3.0
2004-01-25,1.0
2004-01-26,2.0
2004-01-27,4.0
2004-01-28,4.0
2004-01-29,8.0
2004-01-30,7.0
2004-01-31,1.0
2004-02-01,7.0
2004-02-02,7.0
2004-02-03,3.0
2004-02-04,3.0
2004-02-05,4.0
2004-02-06,10.0
2004-02-07,21.0
2004-02-08,11.0
2004-02-09,19.0
2004-02-10,12.0
2004-02-11,18.0
2004-02-12,21.0
2004-02-13,5.0
2004-02-14,2.0
2004-02-15,3.0
2004-02-16,5.0
2004-02-17,6.0
2004-02-18,1.0
2004-02-19,2.0
2004-02-20,4.0
2004-02-21,1.0
2004-02-22,3.0
2004-02-23,3.0
2004-02-24,5.0
2004-02-25,2.0
2004-02-26,5.0
2004-02-27,6.0
2004-02-28,6.0
2004-02-29,4.0
2004-03-01,7.0
2004-03-02,1.0
2004-03-03,2.0
2004-03-04,2.0
2004-03-05,14.0
2004-03-06,7.0
2004-03-07,11.0
2004-03-08,14.0
2004-03-09,21.0
2004-03-10,14.0
2004-03-11,14.0
2004-03-12,24.0
2004-03-13,4.0
2004-03-14,1.0
2004-03-15,1.0
2004-03-16,4.0
2004-03-17,2.0
2004-03-18,3.0
2004-03-19,1.0
2004-03-20,2.0
2004-03-21,0.0
2004-03-22,5.0
2004-03-23,3.0
2004-03-24,4.0
2004-03-25,1.0
2004-03-26,2.0
2004-03-27,5.0
2004-03-28,5.0
2004-03-29,0.0
2004-03-30,2.0
2004-03-31,2.0
2004-04-01,2.0
2004-04-02,5.0
2004-04-03,2.0
2004-04-04,2.0
2004-04-05,13.0
2004-04-06,14.0
2004-04-07,5.0
2004-04-08,13.0
2004-04-09,14.0
2004-04-10,14.0
2004-04-11,5.0
2004-04-12,15.0
2004-04-13,3.0
2004-04-14,4.0
2004-04-15,7.0
2004-04-16,11.0
2004-04-17,8.0
2004-04-18,7.0
2004-04-19,7.0
2004-04-20,2.0
2004-04-21,9.0
2004-04-22,8.0
2004-04-23,11.0
2004-04-24,7.0
2004-04-25,3.0
2004-04-26,10.0
2004-04-27,5.0
2004-04-28,8.0
2004-04-29,12.0
2004-04-30,10.0
2004-05-01,2.0
2004-05-02,6.0
2004-05-03,3.0
2004-05-04,4.0
2004-05-05,7.0
2004-05-06,8.0
2004-05-07,12.0
2004-05-08,23.0
2004-05-09,18.0
2004-05-10,21.0
2004-05-11,5.0
2004-05-12,13.0
2004-05-13,6.0
2004-05-14,5.0
2004-05-15,12.0
2004-05-16,5.0
2004-05-17,7.0
2004-05-18,6.0
2004-05-19,11.0
2004-05-20,9.0
2004-05-21,5.0
2004-05-22,10.0
2004-05-23,5.0
2004-05-24,12.0
2004-05-25,8.0
2004-05-26,7.0
2004-05-27,11.0
2004-05-28,10.0
2004-05-29,4.0
2004-05-30,7.0
2004-05-31,9.0
2004-06-01,10.0
2004-06-02,1.0
2004-06-03,3.0
2004-06-04,7.0
2004-06-05,7.0
2004-06-06,11.0
2004-06-07,12.0
2004-06-08,11.0
2004-06-09,16.0
2004-06-10,15.0
2004-06-11,7.0
2004-06-12,19.0
2004-06-13,4.0
2004-06-14,9.0
2004-06-15,10.0
2004-06-16,8.0
2004-06-17,11.0
2004-06-18,5.0
2004-06-19,10.0
2004-06-20,9.0
2004-06-21,10.0
2004-06-22,12.0
2004-06-23,6.0
2004-06-24,12.0
2004-06-25,12.0
2004-06-26,8.0
2004-06-27,9.0
2004-06-28,10.0
2004-06-29,11.0
2004-06-30,14.0
2004-07-01,1.0
2004-07-02,2.0
2004-07-03,0.0
2004-07-04,5.0
2004-07-05,2.0
2004-07-06,9.0
2004-07-07,20.0
2004-07-08,10.0
2004-07-09,14.0
2004-07-10,18.0
2004-07-11,5.0
2004-07-12,22.0
2004-07-13,14.0
2004-07-14,26.0
2004-07-15,14.0
2004-07-16,19.0
2004-07-17,10.0
2004-07-18,14.0
2004-07-19,12.0
2004-07-20,8.0
2004-07-21,13.0
2004-07-22,14.0
2004-07-23,15.0
2004-07-24,15.0
2004-07-25,19.0
2004-07-26,19.0
2004-07-27,19.0
2004-07-28,28.0
2004-07-29,14.0
2004-07-30,19.0
2004-07-31,18.0
2004-08-01,6.0
2004-08-02,2.0
2004-08-03,3.0
2004-08-04,7.0
2004-08-05,11.0
2004-08-06,4.0
2004-08-07,16.0
2004-08-08,13.0
2004-08-09,22.0
2004-08-10,19.0
2004-08-11,14.0
2004-08-12,19.0
2004-08-13,23.0
2004-08-14,23.0
2004-08-15,13.0
2004-08-16,22.0
2004-08-17,24.0
2004-08-18,24.0
2004-08-19,20.0
2004-08-20,21.0
2004-08-21,18.0
2004-08-22,14.0
2004-08-23,26.0
2004-08-24,12.0
2004-08-25,21.0
2004-08-26,22.0
2004-08-27,18.0
2004-08-28,21.0
2004-08-29,17.0
2004-08-30,17.0
2004-08-31,17.0
2004-09-01,8.0
2004-09-02,0.0
2004-09-03,0.0
2004-09-04,7.0
2004-09-05,3.0
2004-09-06,13.0
2004-09-07,15.0
2004-09-08,13.0
2004-09-09,18.0
2004-09-10,12.0
2004-09-11,15.0
2004-09-12,13.0
2004-09-13,18.0
2004-09-14,25.0
2004-09-15,27.0
2004-09-16,24.0
2004-09-17,19.0
2004-09-18,17.0
2004-09-19,14.0
2004-09-20,25.0
2004-09-21,18.0
2004-09-22,28.0
2004-09-23,18.0
2004-09-24,21.0
2004-09-25,16.0
2004-09-26,16.0
2004-09-27,15.0
2004-09-28,18.0
2004-09-29,22.0
2004-09-30,17.0
2004-10-01,8.0
2004-10-02,5.0
2004-10-03,3.0
2004-10-04,5.0
2004-10-05,2.0
2004-10-06,12.0
2004-10-07,14.0
2004-10-08,25.0
2004-10-09,20.0
2004-10-10,15.0
2004-10-11,19.0
2004-10-12,31.0
2004-10-13,26.0
2004-10-14,18.0
2004-10-15,26.0
2004-10-16,14.0
2004-10-17,16.0
2004-10-18,26.0
2004-10-19,22.0
2004-10-20,11.0
2004-10-21,11.0
2004-10-22,24.0
2004-10-23,13.0
2004-10-24,22.0
2004-10-25,13.0
2004-10-26,13.0
2004-10-27,15.0
2004-10-28,15.0
2004-10-29,19.0
2004-10-30,10.0
2004-10-31,11.0
2004-11-01,4.0
2004-11-02,3.0
2004-11-03,4.0
2004-11-04,3.0
2004-11-05,5.0
2004-11-06,12.0
2004-11-07,12.0
2004-11-08,15.0
2004-11-09,8.0
2004-11-10,27.0
2004-11-11,22.0
2004-11-12,28.0
2004-11-13,17.0
2004-11-14,20.0
2004-11-15,26.0
2004-11-16,20.0
2004-11-17,18.0
2004-11-18,15.0
2004-11-19,24.0
2004-11-20,20.0
2004-11-21,12.0
2004-11-22,31.0
2004-11-23,26.0
2004-11-24,18.0
2004-11-25,17.0
2004-11-26,22.0
2004-11-27,14.0
2004-11-28,12.0
2004-11-29,15.0
2004-11-30,12.0
2004-12-01,9.0
2004-12-02,3.0
2004-12-03,1.0
2004-12-04,2.0
2004-12-05,4.0
2004-12-06,8.0
2004-12-07,7.0
2004-12-08,23.0
2004-12-09,13.0
2004-12-10,14.0
2004-12-11,14.0
2004-12-12,3.0
2004-12-13,18.0
2004-12-14,36.0
2004-12-15,19.0
2004-12-16,20.0
2004-12-17,24.0
2004-12-18,1.0
2004-12-19,2.0
2004-12-20,12.0
2004-12-21,15.0
2004-12-22,25.0
2004-12-23,25.0
2004-12-24,15.0
2004-12-25,15.0
2004-12-26,23.0
2004-12-27,10.0
2004-12-28,15.0
2004-12-29,11.0
2004-12-30,18.0
2004-12-31,18.0
2005-01-01,30.0
2005-01-02,23.0
2005-01-03,16.0
2005-01-04,11.0
2005-01-05,7.0
2005-01-06,14.0
2005-01-07,35.0
2005-01-08,20.0
2005-01-09,68.0
2005-01-10,29.0
2005-01-11,13.0
2005-01-12,7.0
2005-01-13,14.0
2005-01-14,10.0
2005-01-15,9.0
2005-01-16,13.0
2005-01-17,18.0
2005-01-18,12.0
2005-01-19,17.0
2005-01-20,11.0
2005-01-21,18.0
2005-01-22,9.0
2005-01-23,8.0
2005-01-24,22.0
2005-01-25,13.0
2005-01-26,20.0
2005-01-27,11.0
2005-01-28,15.0
2005-01-29,11.0
2005-01-30,12.0
2005-01-31,21.0
2005-02-01,19.0
2005-02-02,11.0
2005-02-03,8.0
2005-02-04,7.0
2005-02-05,5.0
2005-02-06,12.0
2005-02-07,14.0
2005-02-08,10.0
2005-02-09,42.0
2005-02-10,19.0
2005-02-11,16.0
2005-02-12,5.0
2005-02-13,13.0
2005-02-14,15.0
2005-02-15,13.0
2005-02-16,14.0
2005-02-17,8.0
2005-02-18,11.0
2005-02-19,15.0
2005-02-20,17.0
2005-02-21,9.0
2005-02-22,8.0
2005-02-23,7.0
2005-02-24,8.0
2005-02-25,13.0
2005-02-26,7.0
2005-02-27,7.0
2005-02-28,10.0
2005-03-01,28.0
2005-03-02,11.0
2005-03-03,10.0
2005-03-04,11.0
2005-03-05,8.0
2005-03-06,15.0
2005-03-07,14.0
2005-03-08,7.0
2005-03-09,46.0
2005-03-10,27.0
2005-03-11,5.0
2005-03-12,4.0
2005-03-13,5.0
2005-03-14,8.0
2005-03-15,4.0
2005-03-16,7.0
2005-03-17,4.0
2005-03-18,7.0
2005-03-19,9.0
2005-03-20,9.0
2005-03-21,8.0
2005-03-22,6.0
2005-03-23,6.0
2005-03-24,5.0
2005-03-25,15.0
2005-03-26,5.0
2005-03-27,1.0
2005-03-28,5.0
2005-03-29,8.0
2005-03-30,3.0
2005-03-31,10.0
2005-04-01,13.0
2005-04-02,15.0
2005-04-03,9.0
2005-04-04,9.0
2005-04-05,7.0
2005-04-06,17.0
2005-04-07,19.0
2005-04-08,24.0
2005-04-09,31.0
2005-04-10,17.0
2005-04-11,8.0
2005-04-12,6.0
2005-04-13,10.0
2005-04-14,5.0
2005-04-15,7.0
2005-04-16,5.0
2005-04-17,5.0
2005-04-18,10.0
2005-04-19,13.0
2005-04-20,8.0
2005-04-21,7.0
2005-04-22,9.0
2005-04-23,6.0
2005-04-24,7.0
2005-04-25,10.0
2005-04-26,9.0
2005-04-27,7.0
2005-04-28,10.0
2005-04-29,9.0
2005-04-30,13.0
2005-05-01,18.0
2005-05-02,6.0
2005-05-03,9.0
2005-05-04,2.0
2005-05-05,9.0
2005-05-06,16.0
2005-05-07,21.0
2005-05-08,30.0
2005-05-09,54.0
2005-05-10,32.0
2005-05-11,18.0
2005-05-12,7.0
2005-05-13,12.0
2005-05-14,8.0
2005-05-15,12.0
2005-05-16,17.0
2005-05-17,13.0
2005-05-18,6.0
2005-05-19,9.0
2005-05-20,13.0
2005-05-21,8.0
2005-05-22,10.0
2005-05-23,4.0
2005-05-24,7.0
2005-05-25,11.0
2005-05-26,10.0
2005-05-27,11.0
2005-05-28,11.0
2005-05-29,10.0
2005-05-30,10.0
2005-05-31,11.0
2005-06-01,25.0
2005-06-02,7.0
2005-06-03,10.0
2005-06-04,7.0
2005-06-05,13.0
2005-06-06,15.0
2005-06-07,23.0
2005-06-08,25.0
2005-06-09,41.0
2005-06-10,26.0
2005-06-11,7.0
2005-06-12,11.0
2005-06-13,19.0
2005-06-14,18.0
2005-06-15,23.0
2005-06-16,29.0
2005-06-17,30.0
2005-06-18,24.0
2005-06-19,28.0
2005-06-20,32.0
2005-06-21,24.0
2005-06-22,17.0
2005-06-23,14.0
2005-06-24,16.0
2005-06-25,20.0
2005-06-26,28.0
2005-06-27,19.0
2005-06-28,21.0
2005-06-29,18.0
2005-06-30,35.0
2005-07-01,24.0
2005-07-02,15.0
2005-07-03,6.0
2005-07-04,5.0
2005-07-05,8.0
2005-07-06,21.0
2005-07-07,24.0
2005-07-08,22.0
2005-07-09,45.0
2005-07-10,38.0
2005-07-11,12.0
2005-07-12,7.0
2005-07-13,31.0
2005-07-14,10.0
2005-07-15,38.0
2005-07-16,17.0
2005-07-17,26.0
2005-07-18,26.0
2005-07-19,16.0
2005-07-20,33.0
2005-07-21,20.0
2005-07-22,26.0
2005-07-23,27.0
2005-07-24,30.0
2005-07-25,23.0
2005-07-26,23.0
2005-07-27,11.0
2005-07-28,26.0
2005-07-29,19.0
2005-07-30,20.0
2005-07-31,17.0
2005-08-01,22.0
2005-08-02,17.0
2005-08-03,10.0
2005-08-04,8.0
2005-08-05,5.0
2005-08-06,13.0
2005-08-07,22.0
2005-08-08,34.0
2005-08-09,39.0
2005-08-10,21.0
2005-08-11,11.0
2005-08-12,8.0
2005-08-13,17.0
2005-08-14,32.0
2005-08-15,32.0
2005-08-16,26.0
2005-08-17,20.0
2005-08-18,24.0
2005-08-19,24.0
2005-08-20,42.0
2005-08-21,33.0
2005-08-22,40.0
2005-08-23,30.0
2005-08-24,39.0
2005-08-25,41.0
2005-08-26,38.0
2005-08-27,24.0
2005-08-28,38.0
2005-08-29,27.0
2005-08-30,28.0
2005-08-31,15.0
2005-09-01,11.0
2005-09-02,6.0
2005-09-03,5.0
2005-09-04,1.0
2005-09-05,11.0
2005-09-06,9.0
2005-09-07,30.0
2005-09-08,17.0
2005-09-09,42.0
2005-09-10,18.0
2005-09-11,11.0
2005-09-12,12.0
2005-09-13,43.0
2005-09-14,49.0
2005-09-15,40.0
2005-09-16,50.0
2005-09-17,42.0
2005-09-18,32.0
2005-09-19,38.0
2005-09-20,37.0
2005-09-21,56.0
2005-09-22,37.0
2005-09-23,33.0
2005-09-24,30.0
2005-09-25,16.0
2005-09-26,40.0
2005-09-27,28.0
2005-09-28,27.0
2005-09-29,23.0
2005-09-30,24.0
2005-10-01,42.0
2005-10-02,8.0
2005-10-03,5.0
2005-10-04,6.0
2005-10-05,10.0
2005-10-06,28.0
2005-10-07,30.0
2005-10-08,33.0
2005-10-09,45.0
2005-10-10,30.0
2005-10-11,9.0
2005-10-12,14.0
2005-10-13,17.0
2005-10-14,29.0
2005-10-15,19.0
2005-10-16,23.0
2005-10-17,27.0
2005-10-18,16.0
2005-10-19,10.0
2005-10-20,28.0
2005-10-21,17.0
2005-10-22,23.0
2005-10-23,15.0
2005-10-24,21.0
2005-10-25,14.0
2005-10-26,11.0
2005-10-27,12.0
2005-10-28,12.0
2005-10-29,13.0
2005-10-30,7.0
2005-10-31,9.0
2005-11-01,26.0
2005-11-02,9.0
2005-11-03,5.0
2005-11-04,3.0
2005-11-05,9.0
2005-11-06,17.0
2005-11-07,24.0
2005-11-08,21.0
2005-11-09,41.0
2005-11-10,38.0
2005-11-11,9.0
2005-11-12,4.0
2005-11-13,5.0
2005-11-14,9.0
2005-11-15,12.0
2005-11-16,9.0
2005-11-17,3.0
2005-11-18,13.0
2005-11-19,11.0
2005-11-20,8.0
2005-11-21,13.0
2005-11-22,7.0
2005-11-23,6.0
2005-11-24,6.0
2005-11-25,8.0
2005-11-26,5.0
2005-11-27,3.0
2005-11-28,4.0
2005-11-29,2.0
2005-11-30,4.0
2005-12-01,20.0
2005-12-02,7.0
2005-12-03,4.0
2005-12-04,6.0
2005-12-05,12.0
2005-12-06,18.0
2005-12-07,37.0
2005-12-08,36.0
2005-12-09,46.0
2005-12-10,30.0
2005-12-11,7.0
2005-12-12,7.0
2005-12-13,7.0
2005-12-14,7.0
2005-12-15,12.0
2005-12-16,7.0
2005-12-17,1.0
2005-12-18,5.0
2005-12-19,3.0
2005-12-20,7.0
2005-12-21,3.0
2005-12-22,4.0
2005-12-23,1.0
2005-12-24,5.0
2005-12-25,3.0
2005-12-26,4.0
2005-12-27,7.0
2005-12-28,5.0
2005-12-29,4.0
2005-12-30,6.0
2005-12-31,5.0
2006-01-01,8.0
2006-01-02,7.0
2006-01-03,4.0
2006-01-04,5.0
2006-01-05,6.0
2006-01-06,5.0
2006-01-07,11.0
2006-01-08,5.0
2006-01-09,2.0
2006-01-10,3.0
2006-01-11,2.0
2006-01-12,1.0
2006-01-13,1.0
2006-01-14,2.0
2006-01-15,4.0
2006-01-16,3.0
2006-01-17,2.0
2006-01-18,1.0
2006-01-19,4.0
2006-01-20,9.0
2006-01-21,3.0
2006-01-22,4.0
2006-01-23,3.0
2006-01-24,0.0
2006-01-25,2.0
2006-01-26,3.0
2006-01-27,3.0
2006-01-28,3.0
2006-01-29,1.0
2006-01-30,3.0
2006-01-31,4.0
2006-02-01,3.0
2006-02-02,2.0
2006-02-03,2.0
2006-02-04,0.0
2006-02-05,6.0
2006-02-06,6.0
2006-02-07,3.0
2006-02-08,3.0
2006-02-09,5.0
2006-02-10,3.0
2006-02-11,3.0
2006-02-12,5.0
2006-02-13,1.0
2006-02-14,5.0
2006-02-15,3.0
2006-02-16,5.0
2006-02-17,4.0
2006-02-18,4.0
2006-02-19,6.0
2006-02-20,1.0
2006-02-21,1.0
2006-02-22,6.0
2006-02-23,3.0
2006-02-24,2.0
2006-02-25,5.0
2006-02-26,2.0
2006-02-27,1.0
2006-02-28,4.0
2006-03-01,5.0
2006-03-02,5.0
2006-03-03,2.0
2006-03-04,3.0
2006-03-05,2.0
2006-03-06,6.0
2006-03-07,9.0
2006-03-08,2.0
2006-03-09,2.0
2006-03-10,4.0
2006-03-11,3.0
2006-03-12,4.0
2006-03-13,1.0
2006-03-14,4.0
2006-03-15,2.0
2006-03-16,3.0
2006-03-17,5.0
2006-03-18,3.0
2006-03-19,2.0
2006-03-20,1.0
2006-03-21,4.0
2006-03-22,3.0
2006-03-23,0.0
2006-03-24,4.0
2006-03-25,2.0
2006-03-26,2.0
2006-03-27,5.0
2006-03-28,0.0
2006-03-29,0.0
2006-03-30,4.0
2006-03-31,1.0
2006-04-01,6.0
2006-04-02,3.0
2006-04-03,2.0
2006-04-04,3.0
2006-04-05,3.0
2006-04-06,3.0
2006-04-07,5.0
2006-04-08,8.0
2006-04-09,1.0
2006-04-10,3.0
2006-04-11,1.0
2006-04-12,4.0
2006-04-13,1.0
2006-04-14,2.0
2006-04-15,3.0
2006-04-16,0.0
2006-04-17,1.0
2006-04-18,3.0
2006-04-19,0.0
2006-04-20,0.0
2006-04-21,3.0
2006-04-22,4.0
2006-04-23,0.0
2006-04-24,4.0
2006-04-25,4.0
2006-04-26,0.0
2006-04-27,2.0
2006-04-28,3.0
2006-04-29,1.0
2006-04-30,1.0
2006-05-01,3.0
2006-05-02,1.0
2006-05-03,5.0
2006-05-04,0.0
2006-05-05,4.0
2006-05-06,5.0
2006-05-07,5.0
2006-05-08,2.0
2006-05-09,3.0
2006-05-10,5.0
2006-05-11,3.0
2006-05-12,6.0
2006-05-13,7.0
2006-05-14,6.0
2006-05-15,3.0
2006-05-16,9.0
2006-05-17,7.0
2006-05-18,4.0
2006-05-19,5.0
2006-05-20,7.0
2006-05-21,6.0
2006-05-22,3.0
2006-05-23,2.0
2006-05-24,6.0
2006-05-25,3.0
2006-05-26,6.0
2006-05-27,4.0
2006-05-28,3.0
2006-05-29,4.0
2006-05-30,8.0
2006-05-31,6.0
2006-06-01,5.0
2006-06-02,5.0
2006-06-03,4.0
2006-06-04,3.0
2006-06-05,3.0
2006-06-06,3.0
2006-06-07,9.0
2006-06-08,9.0
2006-06-09,4.0
2006-06-10,3.0
2006-06-11,2.0
2006-06-12,2.0
2006-06-13,2.0
2006-06-14,6.0
2006-06-15,3.0
2006-06-16,3.0
2006-06-17,2.0
2006-06-18,7.0
2006-06-19,5.0
2006-06-20,8.0
2006-06-21,3.0
2006-06-22,5.0
2006-06-23,8.0
2006-06-24,9.0
2006-06-25,7.0
2006-06-26,7.0
2006-06-27,5.0
2006-06-28,3.0
2006-06-29,2.0
2006-06-30,8.0
2006-07-01,0.0
2006-07-02,2.0
2006-07-03,2.0
2006-07-04,2.0
2006-07-05,2.0
2006-07-06,6.0
2006-07-07,7.0
2006-07-08,2.0
2006-07-09,4.0
2006-07-10,0.0
2006-07-11,4.0
2006-07-12,3.0
2006-07-13,7.0
2006-07-14,6.0
2006-07-15,4.0
2006-07-16,7.0
2006-07-17,3.0
2006-07-18,3.0
2006-07-19,7.0
2006-07-20,4.0
2006-07-21,4.0
2006-07-22,7.0
2006-07-23,7.0
2006-07-24,9.0
2006-07-25,4.0
2006-07-26,1.0
2006-07-27,1.0
2006-07-28,3.0
2006-07-29,5.0
2006-07-30,4.0
2006-07-31,4.0
2006-08-01,3.0
2006-08-02,8.0
2006-08-03,1.0
2006-08-04,1.0
2006-08-05,4.0
2006-08-06,8.0
2006-08-07,9.0
2006-08-08,3.0
2006-08-09,4.0
2006-08-10,0.0
2006-08-11,0.0
2006-08-12,3.0
2006-08-13,5.0
2006-08-14,4.0
2006-08-15,6.0
2006-08-16,7.0
2006-08-17,2.0
2006-08-18,4.0
2006-08-19,5.0
2006-08-20,3.0
2006-08-21,4.0
2006-08-22,2.0
2006-08-23,4.0
2006-08-24,5.0
2006-08-25,5.0
2006-08-26,5.0
2006-08-27,6.0
2006-08-28,3.0
2006-08-29,3.0
2006-08-30,3.0
2006-08-31,3.0
2006-09-01,1.0
2006-09-02,5.0
2006-09-03,0.0
2006-09-04,1.0
2006-09-05,3.0
2006-09-06,4.0
2006-09-07,5.0
2006-09-08,6.0
2006-09-09,8.0
2006-09-10,4.0
2006-09-11,4.0
2006-09-12,5.0
2006-09-13,4.0
2006-09-14,1.0
2006-09-15,1.0
2006-09-16,4.0
2006-09-17,1.0
2006-09-18,6.0
2006-09-19,0.0
2006-09-20,1.0
2006-09-21,2.0
2006-09-22,3.0
2006-09-23,5.0
2006-09-24,1.0
2006-09-25,2.0
2006-09-26,6.0
2006-09-27,1.0
2006-09-28,2.0
2006-09-29,0.0
2006-09-30,4.0
2006-10-01,3.0
2006-10-02,4.0
2006-10-03,2.0
2006-10-04,6.0
2006-10-05,5.0
2006-10-06,4.0
2006-10-07,9.0
2006-10-08,5.0
2006-10-09,3.0
2006-10-10,2.0
2006-10-11,5.0
2006-10-12,2.0
2006-10-13,1.0
2006-10-14,2.0
2006-10-15,3.0
2006-10-16,1.0
2006-10-17,2.0
2006-10-18,2.0
2006-10-19,1.0
2006-10-20,2.0
2006-10-21,1.0
2006-10-22,5.0
2006-10-23,5.0
2006-10-24,3.0
2006-10-25,4.0
2006-10-26,1.0
2006-10-27,1.0
2006-10-28,2.0
2006-10-29,1.0
2006-10-30,1.0
2006-10-31,1.0
2006-11-01,4.0
2006-11-02,2.0
2006-11-03,2.0
2006-11-04,2.0
2006-11-05,5.0
2006-11-06,4.0
2006-11-07,7.0
2006-11-08,9.0
2006-11-09,4.0
2006-11-10,0.0
2006-11-11,3.0
2006-11-12,3.0
2006-11-13,4.0
2006-11-14,2.0
2006-11-15,4.0
2006-11-16,1.0
2006-11-17,1.0
2006-11-18,2.0
2006-11-19,1.0
2006-11-20,2.0
2006-11-21,2.0
2006-11-22,3.0
2006-11-23,4.0
2006-11-24,1.0
2006-11-25,4.0
2006-11-26,4.0
2006-11-27,3.0
2006-11-28,1.0
2006-11-29,3.0
2006-11-30,2.0
2006-12-01,0.0
2006-12-02,4.0
2006-12-03,3.0
2006-12-04,4.0
2006-12-05,4.0
2006-12-06,12.0
2006-12-07,3.0
2006-12-08,4.0
2006-12-09,3.0
2006-12-10,2.0
2006-12-11,2.0
2006-12-12,1.0
2006-12-13,4.0
2006-12-14,2.0
2006-12-15,7.0
2006-12-16,2.0
2006-12-17,2.0
2006-12-18,3.0
2006-12-19,2.0
2006-12-20,5.0
2006-12-21,3.0
2006-12-22,3.0
2006-12-23,1.0
2006-12-24,1.0
2006-12-25,2.0
2006-12-26,5.0
2006-12-27,6.0
2006-12-28,1.0
2006-12-29,4.0
2006-12-30,6.0
2006-12-31,1.0
2007-01-01,3.0
2007-01-02,2.0
2007-01-03,1.0
2007-01-04,2.0
2007-01-05,10.0
2007-01-06,27.0
2007-01-07,26.0
2007-01-08,20.0
2007-01-09,13.0
2007-01-10,12.0
2007-01-11,11.0
2007-01-12,11.0
2007-01-13,5.0
2007-01-14,1.0
2007-01-15,5.0
2007-01-16,2.0
2007-01-17,2.0
2007-01-18,3.0
2007-01-19,9.0
2007-01-20,0.0
2007-01-21,3.0
2007-01-22,2.0
2007-01-23,4.0
2007-01-24,2.0
2007-01-25,4.0
2007-01-26,6.0
2007-01-27,1.0
2007-01-28,5.0
2007-01-29,6.0
2007-01-30,3.0
2007-01-31,2.0
2007-02-01,4.0
2007-02-02,1.0
2007-02-03,3.0
2007-02-04,9.0
2007-02-05,12.0
2007-02-06,21.0
2007-02-07,26.0
2007-02-08,18.0
2007-02-09,13.0
2007-02-10,8.0
2007-02-11,4.0
2007-02-12,3.0
2007-02-13,0.0
2007-02-14,5.0
2007-02-15,1.0
2007-02-16,4.0
2007-02-17,4.0
2007-02-18,2.0
2007-02-19,1.0
2007-02-20,7.0
2007-02-21,3.0
2007-02-22,3.0
2007-02-23,3.0
2007-02-24,6.0
2007-02-25,5.0
2007-02-26,7.0
2007-02-27,4.0
2007-02-28,5.0
2007-03-01,6.0
2007-03-02,1.0
2007-03-03,5.0
2007-03-04,7.0
2007-03-05,9.0
2007-03-06,17.0
2007-03-07,14.0
2007-03-08,15.0
2007-03-09,15.0
2007-03-10,5.0
2007-03-11,8.0
2007-03-12,11.0
2007-03-13,4.0
2007-03-14,4.0
2007-03-15,3.0
2007-03-16,3.0
2007-03-17,7.0
2007-03-18,4.0
2007-03-19,5.0
2007-03-20,3.0
2007-03-21,9.0
2007-03-22,6.0
2007-03-23,3.0
2007-03-24,5.0
2007-03-25,3.0
2007-03-26,4.0
2007-03-27,8.0
2007-03-28,2.0
2007-03-29,3.0
2007-03-30,4.0
2007-03-31,5.0
2007-04-01,5.0
2007-04-02,1.0
2007-04-03,1.0
2007-04-04,4.0
2007-04-05,13.0
2007-04-06,22.0
2007-04-07,18.0
2007-04-08,23.0
2007-04-09,7.0
2007-04-10,11.0
2007-04-11,2.0
2007-04-12,9.0
2007-04-13,10.0
2007-04-14,11.0
2007-04-15,5.0
2007-04-16,2.0
2007-04-17,7.0
2007-04-18,7.0
2007-04-19,8.0
2007-04-20,14.0
2007-04-21,7.0
2007-04-22,2.0
2007-04-23,11.0
2007-04-24,3.0
2007-04-25,9.0
2007-04-26,6.0
2007-04-27,4.0
2007-04-28,6.0
2007-04-29,10.0
2007-04-30,6.0
2007-05-01,5.0
2007-05-02,1.0
2007-05-03,1.0
2007-05-04,15.0
2007-05-05,12.0
2007-05-06,12.0
2007-05-07,17.0
2007-05-08,18.0
2007-05-09,11.0
2007-05-10,9.0
2007-05-11,9.0
2007-05-12,10.0
2007-05-13,20.0
2007-05-14,12.0
2007-05-15,12.0
2007-05-16,11.0
2007-05-17,17.0
2007-05-18,14.0
2007-05-19,15.0
2007-05-20,13.0
2007-05-21,22.0
2007-05-22,14.0
2007-05-23,13.0
2007-05-24,19.0
2007-05-25,18.0
2007-05-26,10.0
2007-05-27,12.0
2007-05-28,12.0
2007-05-29,10.0
2007-05-30,18.0
2007-05-31,15.0
2007-06-01,1.0
2007-06-02,3.0
2007-06-03,3.0
2007-06-04,5.0
2007-06-05,6.0
2007-06-06,21.0
2007-06-07,22.0
2007-06-08,13.0
2007-06-09,9.0
2007-06-10,15.0
2007-06-11,12.0
2007-06-12,5.0
2007-06-13,24.0
2007-06-14,22.0
2007-06-15,25.0
2007-06-16,11.0
2007-06-17,23.0
2007-06-18,29.0
2007-06-19,18.0
2007-06-20,27.0
2007-06-21,24.0
2007-06-22,23.0
2007-06-23,22.0
2007-06-24,15.0
2007-06-25,26.0
2007-06-26,26.0
2007-06-27,21.0
2007-06-28,20.0
2007-06-29,28.0
2007-06-30,34.0
2007-07-01,1.0
2007-07-02,2.0
2007-07-03,1.0
2007-07-04,6.0
2007-07-05,13.0
2007-07-06,32.0
2007-07-07,27.0
2007-07-08,10.0
2007-07-09,9.0
2007-07-10,6.0
2007-07-11,8.0
2007-07-12,9.0
2007-07-13,29.0
2007-07-14,22.0
2007-07-15,27.0
2007-07-16,22.0
2007-07-17,15.0
2007-07-18,20.0
2007-07-19,17.0
2007-07-20,19.0
2007-07-21,27.0
2007-07-22,17.0
2007-07-23,16.0
2007-07-24,19.0
2007-07-25,14.0
2007-07-26,17.0
2007-07-27,27.0
2007-07-28,21.0
2007-07-29,19.0
2007-07-30,24.0
2007-07-31,16.0
2007-08-01,7.0
2007-08-02,1.0
2007-08-03,0.0
2007-08-04,3.0
2007-08-05,12.0
2007-08-06,24.0
2007-08-07,30.0
2007-08-08,20.0
2007-08-09,16.0
2007-08-10,8.0
2007-08-11,4.0
2007-08-12,6.0
2007-08-13,15.0
2007-08-14,15.0
2007-08-15,22.0
2007-08-16,18.0
2007-08-17,22.0
2007-08-18,16.0
2007-08-19,10.0
2007-08-20,12.0
2007-08-21,13.0
2007-08-22,9.0
2007-08-23,19.0
2007-08-24,9.0
2007-08-25,7.0
2007-08-26,9.0
2007-08-27,13.0
2007-08-28,14.0
2007-08-29,12.0
2007-08-30,15.0
2007-08-31,13.0
2007-09-01,5.0
2007-09-02,1.0
2007-09-03,2.0
2007-09-04,3.0
2007-09-05,11.0
2007-09-06,20.0
2007-09-07,36.0
2007-09-08,9.0
2007-09-09,12.0
2007-09-10,6.0
2007-09-11,10.0
2007-09-12,10.0
2007-09-13,10.0
2007-09-14,13.0
2007-09-15,11.0
2007-09-16,11.0
2007-09-17,11.0
2007-09-18,6.0
2007-09-19,10.0
2007-09-20,16.0
2007-09-21,19.0
2007-09-22,11.0
2007-09-23,18.0
2007-09-24,11.0
2007-09-25,8.0
2007-09-26,7.0
2007-09-27,7.0
2007-09-28,15.0
2007-09-29,6.0
2007-09-30,14.0
2007-10-01,2.0
2007-10-02,2.0
2007-10-03,1.0
2007-10-04,4.0
2007-10-05,9.0
2007-10-06,22.0
2007-10-07,22.0
2007-10-08,18.0
2007-10-09,25.0
2007-10-10,8.0
2007-10-11,12.0
2007-10-12,8.0
2007-10-13,5.0
2007-10-14,6.0
2007-10-15,4.0
2007-10-16,8.0
2007-10-17,8.0
2007-10-18,10.0
2007-10-19,16.0
2007-10-20,10.0
2007-10-21,9.0
2007-10-22,12.0
2007-10-23,6.0
2007-10-24,8.0
2007-10-25,8.0
2007-10-26,6.0
2007-10-27,8.0
2007-10-28,7.0
2007-10-29,7.0
2007-10-30,4.0
2007-10-31,5.0
2007-11-01,6.0
2007-11-02,6.0
2007-11-03,3.0
2007-11-04,5.0
2007-11-05,15.0
2007-11-06,37.0
2007-11-07,20.0
2007-11-08,11.0
2007-11-09,21.0
2007-11-10,10.0
2007-11-11,5.0
2007-11-12,6.0
2007-11-13,8.0
2007-11-14,12.0
2007-11-15,7.0
2007-11-16,8.0
2007-11-17,9.0
2007-11-18,2.0
2007-11-19,11.0
2007-11-20,9.0
2007-11-21,9.0
2007-11-22,11.0
2007-11-23,9.0
2007-11-24,9.0
2007-11-25,4.0
2007-11-26,13.0
2007-11-27,5.0
2007-11-28,13.0
2007-11-29,8.0
2007-11-30,15.0
2007-12-01,3.0
2007-12-02,5.0
2007-12-03,4.0
2007-12-04,3.0
2007-12-05,10.0
2007-12-06,27.0
2007-12-07,16.0
2007-12-08,8.0
2007-12-09,11.0
2007-12-10,5.0
2007-12-11,8.0
2007-12-12,5.0
2007-12-13,7.0
2007-12-14,9.0
2007-12-15,5.0
2007-12-16,4.0
2007-12-17,7.0
2007-12-18,9.0
2007-12-19,5.0
2007-12-20,7.0
2007-12-21,10.0
2007-12-22,7.0
2007-12-23,5.0
2007-12-24,7.0
2007-12-25,4.0
2007-12-26,8.0
2007-12-27,4.0
2007-12-28,4.0
2007-12-29,8.0
2007-12-30,5.0
2007-12-31,11.0
2008-01-01,7.0
2008-01-02,8.0
2008-01-03,4.0
2008-01-04,5.0
2008-01-05,3.0
2008-01-06,9.0
2008-01-07,9.0
2008-01-08,7.0
2008-01-09,6.0
2008-01-10,11.0
2008-01-11,13.0
2008-01-12,8.0
2008-01-13,10.0
2008-01-14,4.0
2008-01-15,12.0
2008-01-16,6.0
2008-01-17,8.0
2008-01-18,7.0
2008-01-19,11.0
2008-01-20,11.0
2008-01-21,5.0
2008-01-22,8.0
2008-01-23,7.0
2008-01-24,7.0
2008-01-25,7.0
2008-01-26,8.0
2008-01-27,8.0
2008-01-28,8.0
2008-01-29,4.0
2008-01-30,2.0
2008-01-31,2.0
2008-02-01,7.0
2008-02-02,7.0
2008-02-03,10.0
2008-02-04,7.0
2008-02-05,8.0
2008-02-06,10.0
2008-02-07,10.0
2008-02-08,2.0
2008-02-09,7.0
2008-02-10,16.0
2008-02-11,7.0
2008-02-12,8.0
2008-02-13,5.0
2008-02-14,5.0
2008-02-15,8.0
2008-02-16,10.0
2008-02-17,6.0
2008-02-18,13.0
2008-02-19,8.0
2008-02-20,2.0
2008-02-21,7.0
2008-02-22,10.0
2008-02-23,1.0
2008-02-24,5.0
2008-02-25,10.0
2008-02-26,6.0
2008-02-27,4.0
2008-02-28,6.0
2008-02-29,5.0
2008-03-01,5.0
2008-03-02,3.0
2008-03-03,5.0
2008-03-04,4.0
2008-03-05,9.0
2008-03-06,15.0
2008-03-07,12.0
2008-03-08,12.0
2008-03-09,5.0
2008-03-10,11.0
2008-03-11,19.0
2008-03-12,13.0
2008-03-13,3.0
2008-03-14,3.0
2008-03-15,4.0
2008-03-16,6.0
2008-03-17,10.0
2008-03-18,2.0
2008-03-19,2.0
2008-03-20,6.0
2008-03-21,3.0
2008-03-22,2.0
2008-03-23,6.0
2008-03-24,7.0
2008-03-25,6.0
2008-03-26,6.0
2008-03-27,1.0
2008-03-28,2.0
2008-03-29,2.0
2008-03-30,5.0
2008-03-31,1.0
2008-04-01,6.0
2008-04-02,5.0
2008-04-03,7.0
2008-04-04,4.0
2008-04-05,1.0
2008-04-06,14.0
2008-04-07,5.0
2008-04-08,16.0
2008-04-09,6.0
2008-04-10,7.0
2008-04-11,9.0
2008-04-12,15.0
2008-04-13,4.0
2008-04-14,5.0
2008-04-15,8.0
2008-04-16,9.0
2008-04-17,7.0
2008-04-18,8.0
2008-04-19,4.0
2008-04-20,5.0
2008-04-21,9.0
2008-04-22,5.0
2008-04-23,8.0
2008-04-24,7.0
2008-04-25,8.0
2008-04-26,10.0
2008-04-27,4.0
2008-04-28,3.0
2008-04-29,6.0
2008-04-30,8.0
2008-05-01,9.0
2008-05-02,7.0
2008-05-03,2.0
2008-05-04,0.0
2008-05-05,2.0
2008-05-06,14.0
2008-05-07,7.0
2008-05-08,11.0
2008-05-09,5.0
2008-05-10,5.0
2008-05-11,5.0
2008-05-12,9.0
2008-05-13,12.0
2008-05-14,12.0
2008-05-15,10.0
2008-05-16,6.0
2008-05-17,9.0
2008-05-18,6.0
2008-05-19,8.0
2008-05-20,13.0
2008-05-21,8.0
2008-05-22,6.0
2008-05-23,9.0
2008-05-24,6.0
2008-05-25,8.0
2008-05-26,9.0
2008-05-27,12.0
2008-05-28,10.0
2008-05-29,5.0
2008-05-30,9.0
2008-05-31,9.0
2008-06-01,8.0
2008-06-02,3.0
2008-06-03,7.0
2008-06-04,7.0
2008-06-05,6.0
2008-06-06,10.0
2008-06-07,6.0
2008-06-08,9.0
2008-06-09,5.0
2008-06-10,13.0
2008-06-11,6.0
2008-06-12,14.0
2008-06-13,14.0
2008-06-14,7.0
2008-06-15,8.0
2008-06-16,10.0
2008-06-17,6.0
2008-06-18,5.0
2008-06-19,8.0
2008-06-20,14.0
2008-06-21,6.0
2008-06-22,6.0
2008-06-23,13.0
2008-06-24,7.0
2008-06-25,13.0
2008-06-26,6.0
2008-06-27,12.0
2008-06-28,6.0
2008-06-29,8.0
2008-06-30,16.0
2008-07-01,5.0
2008-07-02,1.0
2008-07-03,5.0
2008-07-04,7.0
2008-07-05,7.0
2008-07-06,7.0
2008-07-07,9.0
2008-07-08,3.0
2008-07-09,1.0
2008-07-10,10.0
2008-07-11,7.0
2008-07-12,8.0
2008-07-13,5.0
2008-07-14,11.0
2008-07-15,8.0
2008-07-16,11.0
2008-07-17,5.0
2008-07-18,8.0
2008-07-19,9.0
2008-07-20,4.0
2008-07-21,9.0
2008-07-22,8.0
2008-07-23,5.0
2008-07-24,7.0
2008-07-25,10.0
2008-07-26,11.0
2008-07-27,12.0
2008-07-28,10.0
2008-07-29,10.0
2008-07-30,8.0
2008-07-31,6.0
2008-08-01,7.0
2008-08-02,3.0
2008-08-03,2.0
2008-08-04,9.0
2008-08-05,5.0
2008-08-06,5.0
2008-08-07,8.0
2008-08-08,6.0
2008-08-09,10.0
2008-08-10,9.0
2008-08-11,5.0
2008-08-12,9.0
2008-08-13,8.0
2008-08-14,11.0
2008-08-15,17.0
2008-08-16,3.0
2008-08-17,3.0
2008-08-18,7.0
2008-08-19,10.0
2008-08-20,13.0
2008-08-21,11.0
2008-08-22,15.0
2008-08-23,9.0
2008-08-24,5.0
2008-08-25,16.0
2008-08-26,6.0
2008-08-27,10.0
2008-08-28,3.0
2008-08-29,8.0
2008-08-30,7.0
2008-08-31,4.0
2008-09-01,5.0
2008-09-02,4.0
2008-09-03,3.0
2008-09-04,7.0
2008-09-05,13.0
2008-09-06,6.0
2008-09-07,8.0
2008-09-08,13.0
2008-09-09,7.0
2008-09-10,6.0
2008-09-11,7.0
2008-09-12,14.0
2008-09-13,6.0
2008-09-14,12.0
2008-09-15,5.0
2008-09-16,12.0
2008-09-17,10.0
2008-09-18,7.0
2008-09-19,12.0
2008-09-20,9.0
2008-09-21,5.0
2008-09-22,15.0
2008-09-23,3.0
2008-09-24,10.0
2008-09-25,11.0
2008-09-26,6.0
2008-09-27,6.0
2008-09-28,12.0
2008-09-29,8.0
2008-09-30,8.0
2008-10-01,6.0
2008-10-02,6.0
2008-10-03,8.0
2008-10-04,4.0
2008-10-05,5.0
2008-10-06,9.0
2008-10-07,6.0
2008-10-08,11.0
2008-10-09,10.0
2008-10-10,10.0
2008-10-11,14.0
2008-10-12,6.0
2008-10-13,12.0
2008-10-14,14.0
2008-10-15,11.0
2008-10-16,9.0
2008-10-17,6.0
2008-10-18,3.0
2008-10-19,10.0
2008-10-20,10.0
2008-10-21,12.0
2008-10-22,6.0
2008-10-23,7.0
2008-10-24,10.0
2008-10-25,10.0
2008-10-26,10.0
2008-10-27,12.0
2008-10-28,13.0
2008-10-29,10.0
2008-10-30,3.0
2008-10-31,12.0
2008-11-01,7.0
2008-11-02,6.0
2008-11-03,4.0
2008-11-04,5.0
2008-11-05,9.0
2008-11-06,10.0
2008-11-07,10.0
2008-11-08,12.0
2008-11-09,6.0
2008-11-10,8.0
2008-11-11,6.0
2008-11-12,11.0
2008-11-13,5.0
2008-11-14,11.0
2008-11-15,4.0
2008-11-16,9.0
2008-11-17,2.0
2008-11-18,6.0
2008-11-19,12.0
2008-11-20,11.0
2008-11-21,7.0
2008-11-22,7.0
2008-11-23,10.0
2008-11-24,11.0
2008-11-25,11.0
2008-11-26,10.0
2008-11-27,8.0
2008-11-28,10.0
2008-11-29,11.0
2008-11-30,6.0
2008-12-01,5.0
2008-12-02,12.0
2008-12-03,1.0
2008-12-04,11.0
2008-12-05,10.0
2008-12-06,12.0
2008-12-07,11.0
2008-12-08,12.0
2008-12-09,6.0
2008-12-10,8.0
2008-12-11,12.0
2008-12-12,18.0
2008-12-13,12.0
2008-12-14,8.0
2008-12-15,17.0
2008-12-16,17.0
2008-12-17,14.0
2008-12-18,19.0
2008-12-19,20.0
2008-12-20,9.0
2008-12-21,15.0
2008-12-22,9.0
2008-12-23,14.0
2008-12-24,6.0
2008-12-25,9.0
2008-12-26,16.0
2008-12-27,14.0
2008-12-28,9.0
2008-12-29,13.0
2008-12-30,18.0
2008-12-31,10.0
2009-01-01,9.0
2009-01-02,9.0
2009-01-03,3.0
2009-01-04,8.0
2009-01-05,7.0
2009-01-06,9.0
2009-01-07,3.0
2009-01-08,5.0
2009-01-09,4.0
2009-01-10,3.0
2009-01-11,3.0
2009-01-12,7.0
2009-01-13,13.0
2009-01-14,9.0
2009-01-15,5.0
2009-01-16,6.0
2009-01-17,8.0
2009-01-18,8.0
2009-01-19,8.0
2009-01-20,15.0
2009-01-21,7.0
2009-01-22,9.0
2009-01-23,12.0
2009-01-24,6.0
2009-01-25,2.0
2009-01-26,13.0
2009-01-27,4.0
2009-01-28,7.0
2009-01-29,4.0
2009-01-30,7.0
2009-01-31,5.0
2009-02-01,17.0
2009-02-02,16.0
2009-02-03,5.0
2009-02-04,4.0
2009-02-05,7.0
2009-02-06,11.0
2009-02-07,4.0
2009-02-08,8.0
2009-02-09,2.0
2009-02-10,6.0
2009-02-11,6.0
2009-02-12,3.0
2009-02-13,10.0
2009-02-14,9.0
2009-02-15,5.0
2009-02-16,10.0
2009-02-17,8.0
2009-02-18,4.0
2009-02-19,2.0
2009-02-20,8.0
2009-02-21,7.0
2009-02-22,6.0
2009-02-23,11.0
2009-02-24,7.0
2009-02-25,7.0
2009-02-26,2.0
2009-02-27,5.0
2009-02-28,1.0
2009-03-01,11.0
2009-03-02,9.0
2009-03-03,3.0
2009-03-04,8.0
2009-03-05,3.0
2009-03-06,5.0
2009-03-07,3.0
2009-03-08,6.0
2009-03-09,2.0
2009-03-10,7.0
2009-03-11,6.0
2009-03-12,3.0
2009-03-13,7.0
2009-03-14,2.0
2009-03-15,3.0
2009-03-16,9.0
2009-03-17,4.0
2009-03-18,7.0
2009-03-19,5.0
2009-03-20,7.0
2009-03-21,4.0
2009-03-22,6.0
2009-03-23,5.0
2009-03-24,8.0
2009-03-25,0.0
2009-03-26,2.0
2009-03-27,5.0
2009-03-28,5.0
2009-03-29,5.0
2009-03-30,8.0
2009-03-31,4.0
2009-04-01,10.0
2009-04-02,9.0
2009-04-03,3.0
2009-04-04,3.0
2009-04-05,9.0
2009-04-06,3.0
2009-04-07,5.0
2009-04-08,6.0
2009-04-09,2.0
2009-04-10,4.0
2009-04-11,3.0
2009-04-12,3.0
2009-04-13,6.0
2009-04-14,6.0
2009-04-15,8.0
2009-04-16,5.0
2009-04-17,11.0
2009-04-18,7.0
2009-04-19,8.0
2009-04-20,3.0
2009-04-21,5.0
2009-04-22,9.0
2009-04-23,8.0
2009-04-24,6.0
2009-04-25,5.0
2009-04-26,1.0
2009-04-27,6.0
2009-04-28,7.0
2009-04-29,7.0
2009-04-30,5.0
2009-05-01,24.0
2009-05-02,7.0
2009-05-03,5.0
2009-05-04,2.0
2009-05-05,6.0
2009-05-06,4.0
2009-05-07,4.0
2009-05-08,4.0
2009-05-09,1.0
2009-05-10,5.0
2009-05-11,5.0
2009-05-12,5.0
2009-05-13,4.0
2009-05-14,1.0
2009-05-15,11.0
2009-05-16,5.0
2009-05-17,5.0
2009-05-18,11.0
2009-05-19,10.0
2009-05-20,5.0
2009-05-21,6.0
2009-05-22,10.0
2009-05-23,5.0
2009-05-24,5.0
2009-05-25,10.0
2009-05-26,11.0
2009-05-27,6.0
2009-05-28,7.0
2009-05-29,2.0
2009-05-30,1.0
2009-05-31,8.0
2009-06-01,9.0
2009-06-02,16.0
2009-06-03,7.0
2009-06-04,8.0
2009-06-05,5.0
2009-06-06,5.0
2009-06-07,3.0
2009-06-08,2.0
2009-06-09,4.0
2009-06-10,4.0
2009-06-11,6.0
2009-06-12,3.0
2009-06-13,7.0
2009-06-14,7.0
2009-06-15,7.0
2009-06-16,4.0
2009-06-17,5.0
2009-06-18,7.0
2009-06-19,8.0
2009-06-20,8.0
2009-06-21,7.0
2009-06-22,6.0
2009-06-23,7.0
2009-06-24,2.0
2009-06-25,1.0
2009-06-26,9.0
2009-06-27,2.0
2009-06-28,1.0
2009-06-29,4.0
2009-06-30,2.0
2009-07-01,10.0
2009-07-02,6.0
2009-07-03,6.0
2009-07-04,4.0
2009-07-05,4.0
2009-07-06,3.0
2009-07-07,6.0
2009-07-08,7.0
2009-07-09,4.0
2009-07-10,3.0
2009-07-11,3.0
2009-07-12,7.0
2009-07-13,3.0
2009-07-14,6.0
2009-07-15,5.0
2009-07-16,3.0
2009-07-17,7.0
2009-07-18,5.0
2009-07-19,1.0
2009-07-20,6.0
2009-07-21,8.0
2009-07-22,2.0
2009-07-23,3.0
2009-07-24,3.0
2009-07-25,1.0
2009-07-26,4.0
2009-07-27,4.0
2009-07-28,4.0
2009-07-29,1.0
2009-07-30,4.0
2009-07-31,10.0
2009-08-01,10.0
2009-08-02,5.0
2009-08-03,3.0
2009-08-04,5.0
2009-08-05,4.0
2009-08-06,8.0
2009-08-07,2.0
2009-08-08,8.0
2009-08-09,4.0
2009-08-10,1.0
2009-08-11,5.0
2009-08-12,5.0
2009-08-13,3.0
2009-08-14,2.0
2009-08-15,1.0
2009-08-16,3.0
2009-08-17,8.0
2009-08-18,5.0
2009-08-19,13.0
2009-08-20,2.0
2009-08-21,3.0
2009-08-22,1.0
2009-08-23,1.0
2009-08-24,7.0
2009-08-25,5.0
2009-08-26,7.0
2009-08-27,1.0
2009-08-28,1.0
2009-08-29,3.0
2009-08-30,5.0
2009-08-31,5.0
2009-09-01,8.0
2009-09-02,8.0
2009-09-03,3.0
2009-09-04,8.0
2009-09-05,4.0
2009-09-06,8.0
2009-09-07,2.0
2009-09-08,3.0
2009-09-09,2.0
2009-09-10,3.0
2009-09-11,8.0
2009-09-12,9.0
2009-09-13,0.0
2009-09-14,5.0
2009-09-15,7.0
2009-09-16,3.0
2009-09-17,4.0
2009-09-18,2.0
2009-09-19,3.0
2009-09-20,3.0
2009-09-21,4.0
2009-09-22,4.0
2009-09-23,3.0
2009-09-24,2.0
2009-09-25,3.0
2009-09-26,3.0
2009-09-27,2.0
2009-09-28,2.0
2009-09-29,2.0
2009-09-30,7.0
2009-10-01,8.0
2009-10-02,10.0
2009-10-03,3.0
2009-10-04,2.0
2009-10-05,2.0
2009-10-06,8.0
2009-10-07,5.0
2009-10-08,8.0
2009-10-09,2.0
2009-10-10,4.0
2009-10-11,4.0
2009-10-12,5.0
2009-10-13,4.0
2009-10-14,5.0
2009-10-15,3.0
2009-10-16,5.0
2009-10-17,5.0
2009-10-18,5.0
2009-10-19,4.0
2009-10-20,4.0
2009-10-21,7.0
2009-10-22,5.0
2009-10-23,5.0
2009-10-24,5.0
2009-10-25,4.0
2009-10-26,4.0
2009-10-27,6.0
2009-10-28,4.0
2009-10-29,5.0
2009-10-30,2.0
2009-10-31,6.0
2009-11-01,8.0
2009-11-02,9.0
2009-11-03,3.0
2009-11-04,10.0
2009-11-05,9.0
2009-11-06,1.0
2009-11-07,3.0
2009-11-08,1.0
2009-11-09,3.0
2009-11-10,1.0
2009-11-11,2.0
2009-11-12,8.0
2009-11-13,4.0
2009-11-14,4.0
2009-11-15,2.0
2009-11-16,6.0
2009-11-17,3.0
2009-11-18,3.0
2009-11-19,1.0
2009-11-20,5.0
2009-11-21,2.0
2009-11-22,2.0
2009-11-23,2.0
2009-11-24,6.0
2009-11-25,1.0
2009-11-26,5.0
2009-11-27,0.0
2009-11-28,6.0
2009-11-29,1.0
2009-11-30,6.0
2009-12-01,8.0
2009-12-02,5.0
2009-12-03,6.0
2009-12-04,2.0
2009-12-05,8.0
2009-12-06,6.0
2009-12-07,7.0
2009-12-08,4.0
2009-12-09,4.0
2009-12-10,4.0
2009-12-11,10.0
2009-12-12,5.0
2009-12-13,2.0
2009-12-14,5.0
2009-12-15,4.0
2009-12-16,1.0
2009-12-17,8.0
2009-12-18,4.0
2009-12-19,2.0
2009-12-20,2.0
2009-12-21,3.0
2009-12-22,7.0
2009-12-23,3.0
2009-12-24,2.0
2009-12-25,5.0
2009-12-26,6.0
2009-12-27,1.0
2009-12-28,3.0
2009-12-29,4.0
2009-12-30,4.0
2009-12-31,5.0
2010-01-01,4.0
2010-01-02,7.0
2010-01-03,5.0
2010-01-04,5.0
2010-01-05,3.0
2010-01-06,7.0
2010-01-07,5.0
2010-01-08,6.0
2010-01-09,12.0
2010-01-10,9.0
2010-01-11,14.0
2010-01-12,10.0
2010-01-13,3.0
2010-01-14,1.0
2010-01-15,7.0
2010-01-16,5.0
2010-01-17,8.0
2010-01-18,7.0
2010-01-19,3.0
2010-01-20,9.0
2010-01-21,6.0
2010-01-22,8.0
2010-01-23,4.0
2010-01-24,13.0
2010-01-25,5.0
2010-01-26,6.0
2010-01-27,7.0
2010-01-28,7.0
2010-01-29,5.0
2010-01-30,2.0
2010-01-31,5.0
2010-02-01,5.0
2010-02-02,5.0
2010-02-03,6.0
2010-02-04,1.0
2010-02-05,4.0
2010-02-06,7.0
2010-02-07,7.0
2010-02-08,10.0
2010-02-09,5.0
2010-02-10,10.0
2010-02-11,8.0
2010-02-12,5.0
2010-02-13,4.0
2010-02-14,3.0
2010-02-15,4.0
2010-02-16,0.0
2010-02-17,3.0
2010-02-18,5.0
2010-02-19,6.0
2010-02-20,11.0
2010-02-21,9.0
2010-02-22,2.0
2010-02-23,7.0
2010-02-24,7.0
2010-02-25,4.0
2010-02-26,5.0
2010-02-27,4.0
2010-02-28,3.0
2010-03-01,4.0
2010-03-02,6.0
2010-03-03,5.0
2010-03-04,3.0
2010-03-05,3.0
2010-03-06,3.0
2010-03-07,9.0
2010-03-08,9.0
2010-03-09,13.0
2010-03-10,2.0
2010-03-11,11.0
2010-03-12,8.0
2010-03-13,2.0
2010-03-14,5.0
2010-03-15,6.0
2010-03-16,4.0
2010-03-17,2.0
2010-03-18,2.0
2010-03-19,0.0
2010-03-20,3.0
2010-03-21,2.0
2010-03-22,7.0
2010-03-23,4.0
2010-03-24,2.0
2010-03-25,4.0
2010-03-26,2.0
2010-03-27,3.0
2010-03-28,2.0
2010-03-29,3.0
2010-03-30,4.0
2010-03-31,1.0
2010-04-01,1.0
2010-04-02,4.0
2010-04-03,2.0
2010-04-04,2.0
2010-04-05,3.0
2010-04-06,4.0
2010-04-07,5.0
2010-04-08,9.0
2010-04-09,12.0
2010-04-10,12.0
2010-04-11,4.0
2010-04-12,3.0
2010-04-13,4.0
2010-04-14,2.0
2010-04-15,1.0
2010-04-16,6.0
2010-04-17,6.0
2010-04-18,3.0
2010-04-19,2.0
2010-04-20,3.0
2010-04-21,6.0
2010-04-22,5.0
2010-04-23,6.0
2010-04-24,4.0
2010-04-25,4.0
2010-04-26,2.0
2010-04-27,4.0
2010-04-28,0.0
2010-04-29,4.0
2010-04-30,4.0
2010-05-01,3.0
2010-05-02,7.0
2010-05-03,6.0
2010-05-04,4.0
2010-05-05,4.0
2010-05-06,6.0
2010-05-07,3.0
2010-05-08,9.0
2010-05-09,9.0
2010-05-10,11.0
2010-05-11,6.0
2010-05-12,6.0
2010-05-13,1.0
2010-05-14,2.0
2010-05-15,2.0
2010-05-16,7.0
2010-05-17,4.0
2010-05-18,7.0
2010-05-19,7.0
2010-05-20,5.0
2010-05-21,7.0
2010-05-22,4.0
2010-05-23,1.0
2010-05-24,4.0
2010-05-25,3.0
2010-05-26,5.0
2010-05-27,2.0
2010-05-28,3.0
2010-05-29,5.0
2010-05-30,7.0
2010-05-31,4.0
2010-06-01,4.0
2010-06-02,10.0
2010-06-03,3.0
2010-06-04,9.0
2010-06-05,2.0
2010-06-06,2.0
2010-06-07,9.0
2010-06-08,6.0
2010-06-09,8.0
2010-06-10,11.0
2010-06-11,5.0
2010-06-12,2.0
2010-06-13,11.0
2010-06-14,10.0
2010-06-15,8.0
2010-06-16,7.0
2010-06-17,4.0
2010-06-18,2.0
2010-06-19,5.0
2010-06-20,6.0
2010-06-21,8.0
2010-06-22,5.0
2010-06-23,4.0
2010-06-24,3.0
2010-06-25,10.0
2010-06-26,9.0
2010-06-27,5.0
2010-06-28,9.0
2010-06-29,8.0
2010-06-30,12.0
2010-07-01,8.0
2010-07-02,7.0
2010-07-03,5.0
2010-07-04,2.0
2010-07-05,3.0
2010-07-06,3.0
2010-07-07,2.0
2010-07-08,3.0
2010-07-09,6.0
2010-07-10,10.0
2010-07-11,5.0
2010-07-12,7.0
2010-07-13,8.0
2010-07-14,10.0
2010-07-15,4.0
2010-07-16,5.0
2010-07-17,8.0
2010-07-18,11.0
2010-07-19,5.0
2010-07-20,9.0
2010-07-21,12.0
2010-07-22,7.0
2010-07-23,11.0
2010-07-24,10.0
2010-07-25,13.0
2010-07-26,11.0
2010-07-27,8.0
2010-07-28,5.0
2010-07-29,3.0
2010-07-30,7.0
2010-07-31,6.0
2010-08-01,4.0
2010-08-02,7.0
2010-08-03,5.0
2010-08-04,1.0
2010-08-05,0.0
2010-08-06,1.0
2010-08-07,9.0
2010-08-08,12.0
2010-08-09,8.0
2010-08-10,16.0
2010-08-11,8.0
2010-08-12,6.0
2010-08-13,11.0
2010-08-14,11.0
2010-08-15,4.0
2010-08-16,12.0
2010-08-17,7.0
2010-08-18,7.0
2010-08-19,5.0
2010-08-20,6.0
2010-08-21,8.0
2010-08-22,4.0
2010-08-23,9.0
2010-08-24,9.0
2010-08-25,5.0
2010-08-26,9.0
2010-08-27,10.0
2010-08-28,7.0
2010-08-29,5.0
2010-08-30,8.0
2010-08-31,3.0
2010-09-01,4.0
2010-09-02,11.0
2010-09-03,2.0
2010-09-04,3.0
2010-09-05,1.0
2010-09-06,3.0
2010-09-07,9.0
2010-09-08,7.0
2010-09-09,6.0
2010-09-10,5.0
2010-09-11,7.0
2010-09-12,3.0
2010-09-13,12.0
2010-09-14,16.0
2010-09-15,12.0
2010-09-16,7.0
2010-09-17,12.0
2010-09-18,11.0
2010-09-19,9.0
2010-09-20,15.0
2010-09-21,6.0
2010-09-22,9.0
2010-09-23,6.0
2010-09-24,13.0
2010-09-25,6.0
2010-09-26,10.0
2010-09-27,11.0
2010-09-28,10.0
2010-09-29,8.0
2010-09-30,14.0
2010-10-01,3.0
2010-10-02,5.0
2010-10-03,4.0
2010-10-04,1.0
2010-10-05,5.0
2010-10-06,4.0
2010-10-07,5.0
2010-10-08,8.0
2010-10-09,13.0
2010-10-10,9.0
2010-10-11,6.0
2010-10-12,10.0
2010-10-13,4.0
2010-10-14,3.0
2010-10-15,9.0
2010-10-16,7.0
2010-10-17,9.0
2010-10-18,12.0
2010-10-19,13.0
2010-10-20,13.0
2010-10-21,7.0
2010-10-22,11.0
2010-10-23,2.0
2010-10-24,7.0
2010-10-25,9.0
2010-10-26,4.0
2010-10-27,10.0
2010-10-28,6.0
2010-10-29,4.0
2010-10-30,4.0
2010-10-31,2.0
2010-11-01,3.0
2010-11-02,3.0
2010-11-03,6.0
2010-11-04,0.0
2010-11-05,4.0
2010-11-06,5.0
2010-11-07,7.0
2010-11-08,5.0
2010-11-09,0.0
2010-11-10,16.0
2010-11-11,8.0
2010-11-12,7.0
2010-11-13,3.0
2010-11-14,7.0
2010-11-15,6.0
2010-11-16,6.0
2010-11-17,8.0
2010-11-18,4.0
2010-11-19,13.0
2010-11-20,2.0
2010-11-21,3.0
2010-11-22,7.0
2010-11-23,9.0
2010-11-24,11.0
2010-11-25,5.0
2010-11-26,9.0
2010-11-27,8.0
2010-11-28,4.0
2010-11-29,9.0
2010-11-30,6.0
2010-12-01,6.0
2010-12-02,2.0
2010-12-03,4.0
2010-12-04,7.0
2010-12-05,2.0
2010-12-06,7.0
2010-12-07,16.0
2010-12-08,6.0
2010-12-09,8.0
2010-12-10,13.0
2010-12-11,9.0
2010-12-12,2.0
2010-12-13,5.0
2010-12-14,8.0
2010-12-15,5.0
2010-12-16,3.0
2010-12-17,2.0
2010-12-18,4.0
2010-12-19,6.0
2010-12-20,8.0
2010-12-21,8.0
2010-12-22,2.0
2010-12-23,8.0
2010-12-24,4.0
2010-12-25,5.0
2010-12-26,2.0
2010-12-27,6.0
2010-12-28,10.0
2010-12-29,4.0
2010-12-30,4.0
2010-12-31,8.0
2011-01-01,9.0
2011-01-02,1.0
2011-01-03,5.0
2011-01-04,3.0
2011-01-05,2.0
2011-01-06,14.0
2011-01-07,12.0
2011-01-08,24.0
2011-01-09,10.0
2011-01-10,7.0
2011-01-11,3.0
2011-01-12,4.0
2011-01-13,4.0
2011-01-14,8.0
2011-01-15,3.0
2011-01-16,4.0
2011-01-17,3.0
2011-01-18,9.0
2011-01-19,3.0
2011-01-20,5.0
2011-01-21,5.0
2011-01-22,0.0
2011-01-23,4.0
2011-01-24,5.0
2011-01-25,8.0
2011-01-26,7.0
2011-01-27,3.0
2011-01-28,2.0
2011-01-29,1.0
2011-01-30,0.0
2011-01-31,2.0
2011-02-01,7.0
2011-02-02,4.0
2011-02-03,5.0
2011-02-04,10.0
2011-02-05,4.0
2011-02-06,12.0
2011-02-07,11.0
2011-02-08,7.0
2011-02-09,9.0
2011-02-10,2.0
2011-02-11,2.0
2011-02-12,6.0
2011-02-13,3.0
2011-02-14,6.0
2011-02-15,6.0
2011-02-16,1.0
2011-02-17,1.0
2011-02-18,2.0
2011-02-19,2.0
2011-02-20,2.0
2011-02-21,7.0
2011-02-22,4.0
2011-02-23,1.0
2011-02-24,2.0
2011-02-25,2.0
2011-02-26,7.0
2011-02-27,4.0
2011-02-28,4.0
2011-03-01,6.0
2011-03-02,3.0
2011-03-03,6.0
2011-03-04,4.0
2011-03-05,8.0
2011-03-06,8.0
2011-03-07,14.0
2011-03-08,9.0
2011-03-09,5.0
2011-03-10,6.0
2011-03-11,1.0
2011-03-12,3.0
2011-03-13,4.0
2011-03-14,2.0
2011-03-15,7.0
2011-03-16,4.0
2011-03-17,4.0
2011-03-18,2.0
2011-03-19,2.0
2011-03-20,7.0
2011-03-21,8.0
2011-03-22,3.0
2011-03-23,6.0
2011-03-24,4.0
2011-03-25,2.0
2011-03-26,5.0
2011-03-27,6.0
2011-03-28,5.0
2011-03-29,5.0
2011-03-30,5.0
2011-03-31,3.0
2011-04-01,6.0
2011-04-02,4.0
2011-04-03,10.0
2011-04-04,8.0
2011-04-05,4.0
2011-04-06,4.0
2011-04-07,16.0
2011-04-08,5.0
2011-04-09,9.0
2011-04-10,3.0
2011-04-11,4.0
2011-04-12,4.0
2011-04-13,4.0
2011-04-14,3.0
2011-04-15,7.0
2011-04-16,2.0
2011-04-17,4.0
2011-04-18,6.0
2011-04-19,3.0
2011-04-20,6.0
2011-04-21,4.0
2011-04-22,6.0
2011-04-23,4.0
2011-04-24,5.0
2011-04-25,5.0
2011-04-26,6.0
2011-04-27,8.0
2011-04-28,3.0
2011-04-29,1.0
2011-04-30,6.0
2011-05-01,4.0
2011-05-02,0.0
2011-05-03,5.0
2011-05-04,6.0
2011-05-05,6.0
2011-05-06,4.0
2011-05-07,7.0
2011-05-08,13.0
2011-05-09,10.0
2011-05-10,5.0
2011-05-11,4.0
2011-05-12,6.0
2011-05-13,3.0
2011-05-14,5.0
2011-05-15,7.0
2011-05-16,15.0
2011-05-17,7.0
2011-05-18,2.0
2011-05-19,12.0
2011-05-20,8.0
2011-05-21,11.0
2011-05-22,12.0
2011-05-23,11.0
2011-05-24,9.0
2011-05-25,9.0
2011-05-26,2.0
2011-05-27,6.0
2011-05-28,9.0
2011-05-29,6.0
2011-05-30,5.0
2011-05-31,8.0
2011-06-01,5.0
2011-06-02,4.0
2011-06-03,3.0
2011-06-04,3.0
2011-06-05,6.0
2011-06-06,9.0
2011-06-07,9.0
2011-06-08,12.0
2011-06-09,10.0
2011-06-10,4.0
2011-06-11,3.0
2011-06-12,5.0
2011-06-13,8.0
2011-06-14,7.0
2011-06-15,11.0
2011-06-16,5.0
2011-06-17,7.0
2011-06-18,6.0
2011-06-19,11.0
2011-06-20,16.0
2011-06-21,18.0
2011-06-22,12.0
2011-06-23,12.0
2011-06-24,18.0
2011-06-25,7.0
2011-06-26,10.0
2011-06-27,20.0
2011-06-28,8.0
2011-06-29,6.0
2011-06-30,9.0
2011-07-01,8.0
2011-07-02,3.0
2011-07-03,7.0
2011-07-04,4.0
2011-07-05,4.0
2011-07-06,8.0
2011-07-07,14.0
2011-07-08,5.0
2011-07-09,4.0
2011-07-10,7.0
2011-07-11,3.0
2011-07-12,3.0
2011-07-13,11.0
2011-07-14,10.0
2011-07-15,14.0
2011-07-16,14.0
2011-07-17,16.0
2011-07-18,12.0
2011-07-19,17.0
2011-07-20,17.0
2011-07-21,13.0
2011-07-22,15.0
2011-07-23,11.0
2011-07-24,15.0
2011-07-25,10.0
2011-07-26,12.0
2011-07-27,18.0
2011-07-28,11.0
2011-07-29,17.0
2011-07-30,12.0
2011-07-31,15.0
2011-08-01,4.0
2011-08-02,4.0
2011-08-03,2.0
2011-08-04,5.0
2011-08-05,7.0
2011-08-06,3.0
2011-08-07,16.0
2011-08-08,14.0
2011-08-09,4.0
2011-08-10,3.0
2011-08-11,4.0
2011-08-12,2.0
2011-08-13,10.0
2011-08-14,3.0
2011-08-15,13.0
2011-08-16,8.0
2011-08-17,12.0
2011-08-18,10.0
2011-08-19,6.0
2011-08-20,9.0
2011-08-21,9.0
2011-08-22,7.0
2011-08-23,8.0
2011-08-24,8.0
2011-08-25,4.0
2011-08-26,10.0
2011-08-27,5.0
2011-08-28,8.0
2011-08-29,7.0
2011-08-30,7.0
2011-08-31,8.0
2011-09-01,5.0
2011-09-02,6.0
2011-09-03,7.0
2011-09-04,6.0
2011-09-05,2.0
2011-09-06,10.0
2011-09-07,12.0
2011-09-08,7.0
2011-09-09,9.0
2011-09-10,1.0
2011-09-11,5.0
2011-09-12,5.0
2011-09-13,8.0
2011-09-14,6.0
2011-09-15,5.0
2011-09-16,8.0
2011-09-17,3.0
2011-09-18,6.0
2011-09-19,12.0
2011-09-20,10.0
2011-09-21,5.0
2011-09-22,5.0
2011-09-23,7.0
2011-09-24,1.0
2011-09-25,8.0
2011-09-26,4.0
2011-09-27,8.0
2011-09-28,4.0
2011-09-29,5.0
2011-09-30,5.0
2011-10-01,8.0
2011-10-02,3.0
2011-10-03,5.0
2011-10-04,2.0
2011-10-05,7.0
2011-10-06,3.0
2011-10-07,14.0
2011-10-08,15.0
2011-10-09,2.0
2011-10-10,6.0
2011-10-11,1.0
2011-10-12,10.0
2011-10-13,2.0
2011-10-14,3.0
2011-10-15,6.0
2011-10-16,3.0
2011-10-17,3.0
2011-10-18,3.0
2011-10-19,1.0
2011-10-20,3.0
2011-10-21,8.0
2011-10-22,3.0
2011-10-23,6.0
2011-10-24,3.0
2011-10-25,5.0
2011-10-26,5.0
2011-10-27,2.0
2011-10-28,2.0
2011-10-29,3.0
2011-10-30,4.0
2011-10-31,6.0
2011-11-01,6.0
2011-11-02,1.0
2011-11-03,8.0
2011-11-04,4.0
2011-11-05,9.0
2011-11-06,8.0
2011-11-07,11.0
2011-11-08,10.0
2011-11-09,4.0
2011-11-10,2.0
2011-11-11,2.0
2011-11-12,4.0
2011-11-13,3.0
2011-11-14,6.0
2011-11-15,8.0
2011-11-16,4.0
2011-11-17,6.0
2011-11-18,6.0
2011-11-19,5.0
2011-11-20,7.0
2011-11-21,5.0
2011-11-22,8.0
2011-11-23,5.0
2011-11-24,5.0
2011-11-25,5.0
2011-11-26,3.0
2011-11-27,2.0
2011-11-28,3.0
2011-11-29,3.0
2011-11-30,5.0
2011-12-01,4.0
2011-12-02,6.0
2011-12-03,4.0
2011-12-04,3.0
2011-12-05,4.0
2011-12-06,5.0
2011-12-07,13.0
2011-12-08,7.0
2011-12-09,8.0
2011-12-10,6.0
2011-12-11,6.0
2011-12-12,4.0
2011-12-13,3.0
2011-12-14,9.0
2011-12-15,2.0
2011-12-16,5.0
2011-12-17,5.0
2011-12-18,5.0
2011-12-19,2.0
2011-12-20,5.0
2011-12-21,3.0
2011-12-22,3.0
2011-12-23,4.0
2011-12-24,1.0
2011-12-25,3.0
2011-12-26,4.0
2011-12-27,5.0
2011-12-28,6.0
2011-12-29,10.0
2011-12-30,7.0
2011-12-31,3.0
2012-01-01,0.0
2012-01-02,3.0
2012-01-03,0.0
2012-01-04,0.0
2012-01-05,0.0
2012-01-06,0.0
2012-01-07,0.0
2012-01-08,0.0
2012-01-09,0.0
2012-01-10,0.0
2012-01-11,0.0
2012-01-12,0.0
2012-01-13,7.0
2012-01-14,2.0
2012-01-15,6.0
2012-01-16,3.0
2012-01-17,4.0
2012-01-18,6.0
2012-01-19,0.0
2012-01-20,2.0
2012-01-21,2.0
2012-01-22,3.0
2012-01-23,3.0
2012-01-24,2.0
2012-01-25,6.0
2012-01-26,7.0
2012-01-27,2.0
2012-01-28,3.0
2012-01-29,4.0
2012-01-30,7.0
2012-01-31,3.0
2012-02-01,5.0
2012-02-02,2.0
2012-02-03,0.0
2012-02-04,0.0
2012-02-05,0.0
2012-02-06,0.0
2012-02-07,0.0
2012-02-08,0.0
2012-02-09,0.0
2012-02-10,0.0
2012-02-11,0.0
2012-02-12,0.0
2012-02-13,0.0
2012-02-14,0.0
2012-02-15,0.0
2012-02-16,0.0
2012-02-17,0.0
2012-02-18,0.0
2012-02-19,0.0
2012-02-20,0.0
2012-02-21,0.0
2012-02-22,0.0
2012-02-23,0.0
2012-02-24,0.0
2012-02-25,0.0
2012-02-26,0.0
2012-02-27,0.0
2012-02-28,0.0
2012-02-29,0.0
2012-03-01,2.0
2012-03-02,1.0
2012-03-03,0.0
2012-03-04,0.0
2012-03-05,0.0
2012-03-06,0.0
2012-03-07,0.0
2012-03-08,0.0
2012-03-09,0.0
2012-03-10,0.0
2012-03-11,0.0
2012-03-12,0.0
2012-03-13,0.0
2012-03-14,0.0
2012-03-15,0.0
2012-03-16,0.0
2012-03-17,0.0
2012-03-18,0.0
2012-03-19,0.0
2012-03-20,0.0
2012-03-21,0.0
2012-03-22,0.0
2012-03-23,0.0
2012-03-24,0.0
2012-03-25,0.0
2012-03-26,0.0
2012-03-27,0.0
2012-03-28,0.0
2012-03-29,0.0
2012-03-30,0.0
2012-03-31,0.0
2012-04-01,3.0
2012-04-02,0.0
2012-04-03,0.0
2012-04-04,0.0
2012-04-05,0.0
2012-04-06,0.0
2012-04-07,0.0
2012-04-08,0.0
2012-04-09,0.0
2012-04-10,0.0
2012-04-11,0.0
2012-04-12,0.0
2012-04-13,0.0
2012-04-14,0.0
2012-04-15,1.0
2012-04-16,0.0
2012-04-17,1.0
2012-04-18,0.0
2012-04-19,0.0
2012-04-20,0.0
2012-04-21,0.0
2012-04-22,0.0
2012-04-23,1.0
2012-04-24,0.0
2012-04-25,0.0
2012-04-26,0.0
2012-04-27,0.0
2012-04-28,0.0
2012-04-29,0.0
2012-04-30,0.0
2012-05-01,3.0
2012-05-02,0.0
2012-05-03,0.0
2012-05-04,0.0
2012-05-05,0.0
2012-05-06,0.0
2012-05-07,0.0
2012-05-08,0.0
2012-05-09,0.0
2012-05-10,0.0
2012-05-11,0.0
2012-05-12,0.0
2012-05-13,0.0
2012-05-14,0.0
2012-05-15,0.0
2012-05-16,0.0
2012-05-17,0.0
2012-05-18,0.0
2012-05-19,0.0
2012-05-20,0.0
2012-05-21,0.0
2012-05-22,0.0
2012-05-23,0.0
2012-05-24,0.0
2012-05-25,0.0
2012-05-26,0.0
2012-05-27,0.0
2012-05-28,0.0
2012-05-29,0.0
2012-05-30,0.0
2012-05-31,0.0
2012-06-01,4.0
2012-06-02,0.0
2012-06-03,0.0
2012-06-04,0.0
2012-06-05,0.0
2012-06-06,0.0
2012-06-07,0.0
2012-06-08,0.0
2012-06-09,0.0
2012-06-10,0.0
2012-06-11,0.0
2012-06-12,0.0
2012-06-13,0.0
2012-06-14,0.0
2012-06-15,0.0
2012-06-16,0.0
2012-06-17,0.0
2012-06-18,0.0
2012-06-19,0.0
2012-06-20,0.0
2012-06-21,0.0
2012-06-22,0.0
2012-06-23,0.0
2012-06-24,0.0
2012-06-25,0.0
2012-06-26,0.0
2012-06-27,0.0
2012-06-28,0.0
2012-06-29,0.0
2012-06-30,0.0
2012-07-01,2.0
2012-07-02,1.0
2012-07-03,0.0
2012-07-04,1.0
2012-07-05,0.0
2012-07-06,0.0
2012-07-07,0.0
2012-07-08,0.0
2012-07-09,0.0
2012-07-10,0.0
2012-07-11,0.0
2012-07-12,0.0
2012-07-13,0.0
2012-07-14,0.0
2012-07-15,0.0
2012-07-16,0.0
2012-07-17,0.0
2012-07-18,0.0
2012-07-19,0.0
2012-07-20,0.0
2012-07-21,0.0
2012-07-22,0.0
2012-07-23,0.0
2012-07-24,0.0
2012-07-25,0.0
2012-07-26,0.0
2012-07-27,0.0
2012-07-28,0.0
2012-07-29,0.0
2012-07-30,0.0
2012-07-31,0.0
2012-08-01,3.0
2012-08-02,0.0
2012-08-03,0.0
2012-08-04,0.0
2012-08-05,0.0
2012-08-06,0.0
2012-08-07,0.0
2012-08-08,0.0
2012-08-09,0.0
2012-08-10,0.0
2012-08-11,0.0
2012-08-12,0.0
2012-08-13,0.0
2012-08-14,0.0
2012-08-15,0.0
2012-08-16,0.0
2012-08-17,0.0
2012-08-18,0.0
2012-08-19,0.0
2012-08-20,0.0
2012-08-21,0.0
2012-08-22,0.0
2012-08-23,0.0
2012-08-24,0.0
2012-08-25,0.0
2012-08-26,0.0
2012-08-27,0.0
2012-08-28,0.0
2012-08-29,0.0
2012-08-30,0.0
2012-08-31,0.0
2012-09-01,11.0
2012-09-02,0.0
2012-09-03,0.0
2012-09-04,0.0
2012-09-05,0.0
2012-09-06,0.0
2012-09-07,0.0
2012-09-08,0.0
2012-09-09,0.0
2012-09-10,0.0
2012-09-11,0.0
2012-09-12,0.0
2012-09-13,0.0
2012-09-14,0.0
2012-09-15,0.0
2012-09-16,0.0
2012-09-17,0.0
2012-09-18,0.0
2012-09-19,0.0
2012-09-20,0.0
2012-09-21,0.0
2012-09-22,0.0
2012-09-23,0.0
2012-09-24,0.0
2012-09-25,0.0
2012-09-26,0.0
2012-09-27,0.0
2012-09-28,0.0
2012-09-29,0.0
2012-09-30,0.0
2012-10-01,5.0
2012-10-02,0.0
2012-10-03,0.0
2012-10-04,0.0
2012-10-05,0.0
2012-10-06,0.0
2012-10-07,0.0
2012-10-08,0.0
2012-10-09,0.0
2012-10-10,0.0
2012-10-11,0.0
2012-10-12,0.0
2012-10-13,0.0
2012-10-14,0.0
2012-10-15,0.0
2012-10-16,0.0
2012-10-17,0.0
2012-10-18,0.0
2012-10-19,0.0
2012-10-20,0.0
2012-10-21,0.0
2012-10-22,0.0
2012-10-23,0.0
2012-10-24,0.0
2012-10-25,0.0
2012-10-26,0.0
2012-10-27,0.0
2012-10-28,0.0
2012-10-29,0.0
2012-10-30,0.0
2012-10-31,0.0
2012-11-01,2.0
2012-11-02,1.0
2012-11-03,0.0
2012-11-04,0.0
2012-11-05,0.0
2012-11-06,0.0
2012-11-07,0.0
2012-11-08,0.0
2012-11-09,0.0
2012-11-10,0.0
2012-11-11,0.0
2012-11-12,0.0
2012-11-13,0.0
2012-11-14,0.0
2012-11-15,0.0
2012-11-16,0.0
2012-11-17,0.0
2012-11-18,0.0
2012-11-19,0.0
2012-11-20,0.0
2012-11-21,0.0
2012-11-22,0.0
2012-11-23,0.0
2012-11-24,0.0
2012-11-25,0.0
2012-11-26,0.0
2012-11-27,0.0
2012-11-28,0.0
2012-11-29,0.0
2012-11-30,0.0
2012-12-01,6.0
2012-12-02,0.0
2012-12-03,0.0
2012-12-04,0.0
2012-12-05,0.0
2012-12-06,0.0
2012-12-07,1.0
2012-12-08,0.0
2012-12-09,0.0
2012-12-10,0.0
2012-12-11,0.0
2012-12-12,0.0
2012-12-13,0.0
2012-12-14,0.0
2012-12-15,0.0
2012-12-16,0.0
2012-12-17,0.0
2012-12-18,0.0
2012-12-19,0.0
2012-12-20,0.0
2012-12-21,0.0
2012-12-22,0.0
2012-12-23,0.0
2012-12-24,0.0
2012-12-25,0.0
2012-12-26,0.0
2012-12-27,0.0
2012-12-28,0.0
2012-12-29,0.0
2012-12-30,0.0
2012-12-31,0.0
